canonicalName,class,classKey,confidence,family,familyKey,genus,genusKey,kingdom,kingdomKey,matchType,note,order,orderKey,phylum,phylumKey,rank,scientificName,species,speciesKey,status,synonym,usageKey,verbatimScientificName
Agave sisalana,Liliopsida,196,99,Asparagaceae,7683.0,Agave,2766430.0,Plantae,6,EXACT,,Asparagales,1169,Tracheophyta,7707728,SPECIES,Agave sisalana Perrine,Agave sisalana,2766636.0,ACCEPTED,False,2766636,Agave sisalana
Aonidiella orientalis,Insecta,216,99,Diaspididae,4521.0,Aonidiella,2082961.0,Animalia,1,EXACT,,Hemiptera,809,Arthropoda,54,SPECIES,"Aonidiella orientalis (Newstead, 1894)",Aonidiella orientalis,2083015.0,ACCEPTED,False,2083015,Aonidiella orientalis
Dysmicoccus neobrevipes,Insecta,216,100,Pseudococcidae,4534.0,Dysmicoccus,2092782.0,Animalia,1,EXACT,,Hemiptera,809,Arthropoda,54,SPECIES,"Dysmicoccus neobrevipes Beardsley, 1959",Dysmicoccus neobrevipes,2092833.0,ACCEPTED,False,2092833,Dysmicoccus neobrevipes
Persea americana,Magnoliopsida,220,100,Lauraceae,6688.0,Persea,3034041.0,Plantae,6,EXACT,,Laurales,407,Tracheophyta,7707728,SPECIES,Persea americana Mill.,Persea americana,3034046.0,ACCEPTED,False,3034046,Persea americana
Trigonops,Insecta,216,97,Curculionidae,4239.0,Trigonops,1225109.0,Animalia,1,EXACT,,Coleoptera,1470,Arthropoda,54,GENUS,"Trigonops Guérin-Ménéville, 1841",,,ACCEPTED,False,1225109,Trigonops
Phytorus,Insecta,216,94,Chrysomelidae,7780.0,Phytorus,4718924.0,Animalia,1,HIGHERRANK,,Coleoptera,1470,Arthropoda,54,GENUS,"Phytorus Jacoby, 1884",,,DOUBTFUL,False,4718924,Phytorus lineolatus
Xyleborus fornicatus,Insecta,216,98,Curculionidae,4239.0,Xyleborus,1232636.0,Animalia,1,EXACT,,Coleoptera,1470,Arthropoda,54,SPECIES,"Xyleborus fornicatus Eichhoff, 1868c",Xyleborus fornicatus,5020341.0,DOUBTFUL,False,5020341,Xyleborus fornicatus
Dacus cucurbitae,Insecta,216,99,Tephritidae,3520.0,Bactrocera,1626510.0,Animalia,1,EXACT,,Diptera,811,Arthropoda,54,SPECIES,"Dacus cucurbitae Coquillett, 1899",Bactrocera cucurbitae,8070510.0,SYNONYM,True,1627349,Dacus cucurbitae
Hemiberlesia palmae,Insecta,216,99,Diaspididae,4521.0,Hemiberlesia,2083865.0,Animalia,1,EXACT,,Hemiptera,809,Arthropoda,54,SPECIES,"Hemiberlesia palmae (Cockerell, 1893)",Hemiberlesia palmae,2083914.0,ACCEPTED,False,2083914,Hemiberlesia palmae
Ceroplastes floridensis,Insecta,216,99,Coccidae,6963.0,Ceroplastes,2092293.0,Animalia,1,EXACT,,Hemiptera,809,Arthropoda,54,SPECIES,"Ceroplastes floridensis Comstock, 1881",Ceroplastes floridensis,2092472.0,ACCEPTED,False,2092472,Ceroplastes floridensis
Coccus longulus,Insecta,216,99,Coccidae,6963.0,Coccus,2049629.0,Animalia,1,EXACT,,Hemiptera,809,Arthropoda,54,SPECIES,"Coccus longulus (Douglas, 1887)",Coccus longulus,8202676.0,ACCEPTED,False,8202676,Coccus longulus
Eucalymnatus tessellatus,Insecta,216,99,Coccidae,6963.0,Eucalymnatus,2091522.0,Animalia,1,EXACT,,Hemiptera,809,Arthropoda,54,SPECIES,"Eucalymnatus tessellatus (Signoret, 1873)",Eucalymnatus tessellatus,2091537.0,ACCEPTED,False,2091537,Eucalymnatus tessellatus
Hemiberlesia lataniae,Insecta,216,99,Diaspididae,4521.0,Hemiberlesia,2083865.0,Animalia,1,EXACT,,Hemiptera,809,Arthropoda,54,SPECIES,"Hemiberlesia lataniae (Signoret, 1869)",Hemiberlesia lataniae,2083970.0,ACCEPTED,False,2083970,Hemiberlesia lataniae
Aspidiotus destructor,Insecta,216,99,Diaspididae,4521.0,Aspidiotus,5161675.0,Animalia,1,EXACT,,Hemiptera,809,Arthropoda,54,SPECIES,"Aspidiotus destructor Signoret, 1869",Aspidiotus destructor,5161683.0,ACCEPTED,False,5161683,Aspidiotus destructor
Pseudococcus longispinus,Insecta,216,99,Pseudococcidae,4534.0,Pseudococcus,2081087.0,Animalia,1,EXACT,,Hemiptera,809,Arthropoda,54,SPECIES,"Pseudococcus longispinus (Targioni Tozzetti, 1867)",Pseudococcus longispinus,2095283.0,ACCEPTED,False,2095283,Pseudococcus longispinus
Icerya seychellarum,Insecta,216,100,Margarodidae,8651.0,Icerya,2080538.0,Animalia,1,EXACT,,Hemiptera,809,Arthropoda,54,SPECIES,"Icerya seychellarum Maskell, 1897",Icerya seychellarum,4484675.0,ACCEPTED,False,4484675,Icerya seychellarum
Aspidiotus spinosus,Insecta,216,98,Diaspididae,4521.0,Oceanaspidiotus,2083618.0,Animalia,1,EXACT,2 synonym homonyms,Hemiptera,809,Arthropoda,54,SPECIES,"Aspidiotus spinosus Leonardi, 1898",Oceanaspidiotus spinosus,7688159.0,SYNONYM,True,5161521,Aspidiotus spinosus
Icerya aegyptiaca,Insecta,216,99,Margarodidae,8651.0,Icerya,2080538.0,Animalia,1,EXACT,,Hemiptera,809,Arthropoda,54,SPECIES,"Icerya aegyptiaca (Douglas, 1890)",Icerya aegyptiaca,2080604.0,ACCEPTED,False,2080604,Icerya aegyptiaca
Selenothrips rubrocinctus,Insecta,216,100,Thripidae,4387.0,Selenothrips,1420800.0,Animalia,1,EXACT,,Thysanoptera,1228,Arthropoda,54,SPECIES,"Selenothrips rubrocinctus (Giard, 1901)",Selenothrips rubrocinctus,1420801.0,ACCEPTED,False,1420801,Selenothrips rubrocinctus
Bambusa,Liliopsida,196,97,Poaceae,3073.0,Bambusa,2705751.0,Plantae,6,EXACT,,Poales,1369,Tracheophyta,7707728,GENUS,Bambusa Schreb.,,,ACCEPTED,False,2705751,Bambusa
Anomala sulcatula,Insecta,216,100,Rutelidae,4425773.0,Anomala,1051129.0,Animalia,1,EXACT,,Coleoptera,1470,Arthropoda,54,SPECIES,"Anomala sulcatula Burmeister, 1844",Anomala sulcatula,5988462.0,ACCEPTED,False,5988462,Anomala sulcatula
Chlorophorus annularis,Insecta,216,100,Cerambycidae,5602.0,Chlorophorus,1111662.0,Animalia,1,EXACT,,Coleoptera,1470,Arthropoda,54,SPECIES,"Chlorophorus annularis (Fabricius, 1787)",Chlorophorus annularis,1111797.0,ACCEPTED,False,1111797,Chlorophorus annularis
Pseudoloxops bifasciatus,Insecta,216,100,Miridae,4319.0,Pseudoloxops,2009239.0,Animalia,1,EXACT,,Hemiptera,809,Arthropoda,54,SPECIES,"Pseudoloxops bifasciatus (Usinger, 1946)",Pseudoloxops bifasciatus,7845604.0,ACCEPTED,False,7845604,Pseudoloxops bifasciatus
Asterolecanium robustum,Insecta,216,100,Asterolecaniidae,3265514.0,Asterolecanium,2089594.0,Animalia,1,EXACT,,Hemiptera,809,Arthropoda,54,SPECIES,"Asterolecanium robustum Green, 1908",Asterolecanium robustum,4290164.0,ACCEPTED,False,4290164,Asterolecanium robustum
Asterolecanium bambusae,Insecta,216,100,Asterolecaniidae,3265514.0,Asterolecanium,2089594.0,Animalia,1,EXACT,,Hemiptera,809,Arthropoda,54,SPECIES,"Asterolecanium bambusae (Boisduval, 1869)",Asterolecanium bambusae,4290165.0,ACCEPTED,False,4290165,Asterolecanium bambusae
Asterolecanium pseudomiliaris,Insecta,216,100,Asterolecaniidae,3265514.0,Asterolecanium,2089594.0,Animalia,1,EXACT,,Hemiptera,809,Arthropoda,54,SPECIES,"Asterolecanium pseudomiliaris Green, 1922",Asterolecanium pseudomiliaris,4290167.0,ACCEPTED,False,4290167,Asterolecanium pseudomiliaris
Asterolecanium,Insecta,216,96,Asterolecaniidae,3265514.0,Asterolecanium,2089594.0,Animalia,1,HIGHERRANK,,Hemiptera,809,Arthropoda,54,GENUS,Asterolecanium,,,ACCEPTED,False,2089594,Asterolecanium pseudolanceolatum
Asterolecanium,Insecta,216,96,Asterolecaniidae,3265514.0,Asterolecanium,2089594.0,Animalia,1,HIGHERRANK,,Hemiptera,809,Arthropoda,54,GENUS,Asterolecanium,,,ACCEPTED,False,2089594,Asterolecanium coronatum
Asterolecanium miliaris,Insecta,216,100,Asterolecaniidae,3265514.0,Asterolecanium,2089594.0,Animalia,1,EXACT,,Hemiptera,809,Arthropoda,54,SPECIES,"Asterolecanium miliaris (Boisduval, 1869)",Asterolecanium miliaris,4290168.0,ACCEPTED,False,4290168,Asterolecanium miliaris
Musa,Liliopsida,196,97,Musaceae,4686.0,Musa,2760990.0,Plantae,6,EXACT,,Zingiberales,627,Tracheophyta,7707728,GENUS,Musa L.,,,ACCEPTED,False,2760990,Musa
Adoretus sinicus,Insecta,216,100,Rutelidae,4425773.0,Adoretus,1065060.0,Animalia,1,EXACT,,Coleoptera,1470,Arthropoda,54,SPECIES,"Adoretus sinicus Burmeister, 1855",Adoretus sinicus,4293553.0,ACCEPTED,False,4293553,Adoretus sinicus
Cosmopolites sordidus,Insecta,216,98,Dryophthoridae,8494.0,Cosmopolites,1169984.0,Animalia,1,EXACT,,Coleoptera,1470,Arthropoda,54,SPECIES,"Cosmopolites sordidus Marshall, G.A.K., 1930",Cosmopolites sordidus,1169988.0,DOUBTFUL,False,1169988,Cosmopolites sordidus
Polytus mellerborgi,Insecta,216,98,Dryophthoridae,8494.0,Polytus,1169439.0,Animalia,1,EXACT,,Coleoptera,1470,Arthropoda,54,SPECIES,"Polytus mellerborgi Heller, K.M., 1927",Polytus mellerborgi,1169443.0,DOUBTFUL,False,1169443,Polytus mellerborgi
Leptoglossus australis,Insecta,216,99,Coreidae,9649.0,Leptoglossus,2050115.0,Animalia,1,EXACT,,Hemiptera,809,Arthropoda,54,SPECIES,"Leptoglossus australis (Fabricius, 1775)",Leptoglossus gonagra,5156106.0,SYNONYM,True,7832229,Leptoglossus australis
Planococcus citri,Insecta,216,99,Pseudococcidae,4534.0,Planococcus,2095382.0,Animalia,1,EXACT,,Hemiptera,809,Arthropoda,54,SPECIES,"Planococcus citri (Risso, 1813)",Planococcus citri,7920517.0,ACCEPTED,False,7920517,Planococcus citri
Aspidiotus excisus,Insecta,216,99,Diaspididae,4521.0,Aspidiotus,5161675.0,Animalia,1,EXACT,,Hemiptera,809,Arthropoda,54,SPECIES,"Aspidiotus excisus Green, 1896",Aspidiotus excisus,5161743.0,ACCEPTED,False,5161743,Aspidiotus excisus
Ferrisia virgata,Insecta,216,99,Pseudococcidae,4534.0,Ferrisia,8268438.0,Animalia,1,EXACT,,Hemiptera,809,Arthropoda,54,SPECIES,"Ferrisia virgata (Cockerell, 1893)",Ferrisia virgata,2093900.0,ACCEPTED,False,2093900,Ferrisia virgata
Proutista moesta,Insecta,216,100,Derbidae,4247.0,Proutista,2062851.0,Animalia,1,EXACT,,Hemiptera,809,Arthropoda,54,SPECIES,"Proutista moesta (Westwood, 1851)",Proutista moesta,2062873.0,ACCEPTED,False,2062873,Proutista moesta
Lamenia caliginea,Insecta,216,100,Derbidae,4247.0,Lamenia,2063214.0,Animalia,1,EXACT,,Hemiptera,809,Arthropoda,54,SPECIES,"Lamenia caliginea (Stål, 1854)",Lamenia caliginea,2063240.0,ACCEPTED,False,2063240,Lamenia caliginea
Ischnaspis longirostris,Insecta,216,99,Diaspididae,4521.0,Ischnaspis,2083123.0,Animalia,1,EXACT,,Hemiptera,809,Arthropoda,54,SPECIES,"Ischnaspis longirostris (Signoret, 1882)",Ischnaspis longirostris,5161411.0,ACCEPTED,False,5161411,Ischnaspis longirostris
Pseudococcus microadonidum,Insecta,216,100,Pseudococcidae,4534.0,Pseudococcus,2081087.0,Animalia,1,EXACT,,Hemiptera,809,Arthropoda,54,SPECIES,"Pseudococcus microadonidum Beardsley, 1966",Pseudococcus microadonidum,2095276.0,ACCEPTED,False,2095276,Pseudococcus microadonidum
Pseudococcus orchidicola,Insecta,216,100,Pseudococcidae,4534.0,Pseudococcus,2081087.0,Animalia,1,EXACT,,Hemiptera,809,Arthropoda,54,SPECIES,"Pseudococcus orchidicola Takahashi, 1939",Pseudococcus orchidicola,2095308.0,ACCEPTED,False,2095308,Pseudococcus orchidicola
Diaspis boisduvalii,Insecta,216,99,Diaspididae,4521.0,Diaspis,2087402.0,Animalia,1,EXACT,,Hemiptera,809,Arthropoda,54,SPECIES,"Diaspis boisduvalii Signoret, 1869",Diaspis boisduvalii,2087459.0,ACCEPTED,False,2087459,Diaspis boisduvalii
Saissetia coffeae,Insecta,216,99,Coccidae,6963.0,Saissetia,2091083.0,Animalia,1,EXACT,,Hemiptera,809,Arthropoda,54,SPECIES,"Saissetia coffeae (Walker, 1852)",Saissetia coffeae,5163470.0,ACCEPTED,False,5163470,Saissetia coffeae
Chrysomphalus dictyospermi,Insecta,216,99,Diaspididae,4521.0,Chrysomphalus,2083434.0,Animalia,1,EXACT,,Hemiptera,809,Arthropoda,54,SPECIES,"Chrysomphalus dictyospermi (Morgan, 1889)",Chrysomphalus dictyospermi,2083463.0,ACCEPTED,False,2083463,Chrysomphalus dictyospermi
Coccus viridis,Insecta,216,99,Coccidae,6963.0,Coccus,2049629.0,Animalia,1,EXACT,,Hemiptera,809,Arthropoda,54,SPECIES,"Coccus viridis (Green, 1889)",Coccus viridis,5163369.0,ACCEPTED,False,5163369,Coccus viridis
Coccus hesperidum,Insecta,216,99,Coccidae,6963.0,Coccus,2049629.0,Animalia,1,EXACT,,Hemiptera,809,Arthropoda,54,SPECIES,"Coccus hesperidum Linnaeus, 1758",Coccus hesperidum,5712981.0,ACCEPTED,False,5712981,Coccus hesperidum
Steatococcus samaraius,Insecta,216,100,Margarodidae,8651.0,Steatococcus,2079873.0,Animalia,1,EXACT,,Hemiptera,809,Arthropoda,54,SPECIES,"Steatococcus samaraius Morrison, 1927",Steatococcus samaraius,2079883.0,ACCEPTED,False,2079883,Steatococcus samaraius
Aonidiella inornata,Insecta,216,100,Diaspididae,4521.0,Aonidiella,2082961.0,Animalia,1,EXACT,,Hemiptera,809,Arthropoda,54,SPECIES,"Aonidiella inornata McKenzie, 1938",Aonidiella inornata,2083004.0,ACCEPTED,False,2083004,Aonidiella inornata
Aonidiella,Insecta,216,96,Diaspididae,4521.0,Aonidiella,2082961.0,Animalia,1,HIGHERRANK,,Hemiptera,809,Arthropoda,54,GENUS,"Aonidiella Berlese & Leonardi, 1895",,,ACCEPTED,False,2082961,Aonidiella aurantii
Pentalonia nigronervosa,Insecta,216,100,Aphididae,3042.0,Pentalonia,2074687.0,Animalia,1,EXACT,,Hemiptera,809,Arthropoda,54,SPECIES,"Pentalonia nigronervosa Coquerel, 1859",Pentalonia nigronervosa,2074692.0,ACCEPTED,False,2074692,Pentalonia nigronervosa
Aphis gossypii,Insecta,216,99,Aphididae,3042.0,Aphis,8643682.0,Animalia,1,EXACT,,Hemiptera,809,Arthropoda,54,SPECIES,"Aphis gossypii Glover, 1877",Aphis gossypii,2072734.0,ACCEPTED,False,2072734,Aphis gossypii
Spodoptera litura,Insecta,216,100,Noctuidae,7015.0,Spodoptera,1765207.0,Animalia,1,EXACT,,Lepidoptera,797,Arthropoda,54,SPECIES,"Spodoptera litura Fabricius, 1775",Spodoptera litura,5109882.0,ACCEPTED,False,5109882,Spodoptera litura
Erionota thrax,Insecta,216,100,Hesperiidae,6953.0,Erionota,1946721.0,Animalia,1,EXACT,,Lepidoptera,797,Arthropoda,54,SPECIES,"Erionota thrax Linnaeus, 1767",Erionota thrax,1946737.0,ACCEPTED,False,1946737,Erionota thrax
Eudocima fullonia,Insecta,216,99,Noctuidae,7015.0,Othreis,1772611.0,Animalia,1,EXACT,,Lepidoptera,797,Arthropoda,54,SPECIES,"Eudocima fullonia (Clerck, 1764)",Othreis fullonia,1772630.0,SYNONYM,True,4687390,Eudocima fullonia
Valanga excavata,Insecta,216,100,Acrididae,9394.0,Valanga,1707447.0,Animalia,1,EXACT,,Orthoptera,1458,Arthropoda,54,SPECIES,"Valanga excavata (Stål, 1861)",Valanga excavata,1707539.0,ACCEPTED,False,1707539,Valanga excavata
Valanga nigricornis,Insecta,216,100,Acrididae,9394.0,Valanga,1707447.0,Animalia,1,EXACT,,Orthoptera,1458,Arthropoda,54,SPECIES,"Valanga nigricornis (Burmeister, H., 1838)",Valanga nigricornis,1707497.0,ACCEPTED,False,1707497,Valanga nigricornis
Phaseolus,Magnoliopsida,220,97,Fabaceae,5386.0,Phaseolus,2947798.0,Plantae,6,EXACT,,Fabales,1370,Tracheophyta,7707728,GENUS,Phaseolus L.,,,ACCEPTED,False,2947798,Phaseolus
Polyphagotarsonemus latus,Arachnida,367,100,Tarsonemidae,6059.0,Polyphagotarsonemus,2131853.0,Animalia,1,EXACT,,Prostigmata,372,Arthropoda,54,SPECIES,"Polyphagotarsonemus latus (Banks, 1904)",Polyphagotarsonemus latus,2131854.0,ACCEPTED,False,2131854,Polyphagotarsonemus latus
Tetranychus tumidus,Arachnida,367,100,Tetranychidae,6057.0,Tetranychus,2130777.0,Animalia,1,EXACT,,Prostigmata,372,Arthropoda,54,SPECIES,"Tetranychus tumidus Banks, 1900",Tetranychus tumidus,2130247.0,ACCEPTED,False,2130247,Tetranychus tumidus
Pagria signata,Insecta,216,100,Chrysomelidae,7780.0,Pagria,1047956.0,Animalia,1,EXACT,,Coleoptera,1470,Arthropoda,54,SPECIES,"Pagria signata (Motschulsky, 1858)",Pagria signata,1047957.0,ACCEPTED,False,1047957,Pagria signata
Ophiomyia phaseoli,Insecta,216,100,Agromyzidae,3329.0,Ophiomyia,1552947.0,Animalia,1,EXACT,,Diptera,811,Arthropoda,54,SPECIES,"Ophiomyia phaseoli (Tryon, 1951)",Ophiomyia phaseoli,1553148.0,ACCEPTED,False,1553148,Ophiomyia phaseoli
Melanagromyza sojae,Insecta,216,100,Agromyzidae,3329.0,Melanagromyza,1554236.0,Animalia,1,EXACT,,Diptera,811,Arthropoda,54,SPECIES,"Melanagromyza sojae Zehntner, 1900",Melanagromyza sojae,1554642.0,ACCEPTED,False,1554642,Melanagromyza sojae
Liriomyza sativae,Insecta,216,100,Agromyzidae,3329.0,Liriomyza,1553283.0,Animalia,1,EXACT,,Diptera,811,Arthropoda,54,SPECIES,"Liriomyza sativae Blanchard, 1938",Liriomyza sativae,1553757.0,ACCEPTED,False,1553757,Liriomyza sativae
Liriomyza trifolii,Insecta,216,100,Agromyzidae,3329.0,Liriomyza,1553283.0,Animalia,1,EXACT,,Diptera,811,Arthropoda,54,SPECIES,"Liriomyza trifolii Burgess, 1880",Liriomyza trifolii,1553384.0,ACCEPTED,False,1553384,Liriomyza trifolii
Nysius,Insecta,216,96,Lygaeidae,7888.0,Nysius,2007771.0,Animalia,1,HIGHERRANK,,Hemiptera,809,Arthropoda,54,GENUS,"Nysius Dallas, 1852",,,ACCEPTED,False,2007771,Nysius pulchellus
Lygus trukensis,Insecta,216,100,Miridae,4319.0,Lygus,2010563.0,Animalia,1,EXACT,,Hemiptera,809,Arthropoda,54,SPECIES,"Lygus trukensis Carvalho, 1956",Lygus trukensis,8054296.0,ACCEPTED,False,8054296,Lygus trukensis
Brachyplatys,Insecta,216,96,Plataspidae,9652.0,Brachyplatys,5431403.0,Animalia,1,HIGHERRANK,,Hemiptera,809,Arthropoda,54,GENUS,"Brachyplatys Boisduval, 1835",,,ACCEPTED,False,5431403,Brachyplatys insularis
Nezara viridula,Insecta,216,100,Pentatomidae,9650.0,Nezara,2078851.0,Animalia,1,EXACT,,Hemiptera,809,Arthropoda,54,SPECIES,"Nezara viridula (Linnaeus, 1758)",Nezara viridula,2078852.0,ACCEPTED,False,2078852,Nezara viridula
Piezodorus,Insecta,216,96,Pentatomidae,9650.0,Piezodorus,2078820.0,Animalia,1,HIGHERRANK,,Hemiptera,809,Arthropoda,54,GENUS,"Piezodorus Fieber, 1860",,,ACCEPTED,False,2078820,Piezodorus hybneri
Halticus tibialis,Insecta,216,100,Miridae,4319.0,Halticus,2010238.0,Animalia,1,EXACT,,Hemiptera,809,Arthropoda,54,SPECIES,"Halticus tibialis Reuter, 1891",Halticus tibialis,5812901.0,ACCEPTED,False,5812901,Halticus tibialis
Coptosoma,Insecta,216,95,Plataspidae,9652.0,Coptosoma,3265959.0,Animalia,1,HIGHERRANK,,Hemiptera,809,Arthropoda,54,GENUS,"Coptosoma de Laporte, 1832",,,ACCEPTED,False,3265959,Coptosoma xanthogramma
Empoasca pitiensis,Insecta,216,100,Cicadellidae,9647.0,Empoasca,8222044.0,Animalia,1,EXACT,,Hemiptera,809,Arthropoda,54,SPECIES,"Empoasca pitiensis Metcalf, 1946",Empoasca pitiensis,5986019.0,ACCEPTED,False,5986019,Empoasca pitiensis
Leptocentrus taurus,Insecta,216,100,Membracidae,7889.0,Leptocentrus,2021984.0,Animalia,1,EXACT,,Hemiptera,809,Arthropoda,54,SPECIES,Leptocentrus taurus Fabricius,Leptocentrus taurus,2022062.0,ACCEPTED,False,2022062,Leptocentrus taurus
Exitianus capicola,Insecta,216,100,Cicadellidae,9647.0,Exitianus,2048891.0,Animalia,1,EXACT,,Hemiptera,809,Arthropoda,54,SPECIES,"Exitianus capicola Stål, 1855",Exitianus capicola,2048896.0,ACCEPTED,False,2048896,Exitianus capicola
Bemisia tabaci,Insecta,216,100,Aleyrodidae,4304.0,Bemisia,2012123.0,Animalia,1,EXACT,,Hemiptera,809,Arthropoda,54,SPECIES,"Bemisia tabaci (Gennadius, 1889)",Bemisia tabaci,2012126.0,ACCEPTED,False,2012126,Bemisia tabaci
Myzus persicae,Insecta,216,99,Aphididae,3042.0,Myzus,2076150.0,Animalia,1,EXACT,,Hemiptera,809,Arthropoda,54,SPECIES,"Myzus persicae (Sulzer, 1776)",Myzus persicae,2076179.0,ACCEPTED,False,2076179,Myzus persicae
Aphis craccivora,Insecta,216,99,Aphididae,3042.0,Aphis,8643682.0,Animalia,1,EXACT,,Hemiptera,809,Arthropoda,54,SPECIES,"Aphis craccivora Koch, C.L., 1854",Aphis craccivora,8414954.0,ACCEPTED,False,8414954,Aphis craccivora
Maruca testulalis,Insecta,216,100,Crambidae,8841.0,Maruca,1886725.0,Animalia,1,EXACT,,Lepidoptera,797,Arthropoda,54,SPECIES,"Maruca testulalis Geyer, 1832",Maruca testulalis,1886730.0,ACCEPTED,False,1886730,Maruca testulalis
Spodoptera mauritia,Insecta,216,100,Noctuidae,7015.0,Spodoptera,1765207.0,Animalia,1,EXACT,,Lepidoptera,797,Arthropoda,54,SPECIES,"Spodoptera mauritia Boisduval, 1833",Spodoptera mauritia,5109848.0,ACCEPTED,False,5109848,Spodoptera mauritia
Cryptophlebia ombrodelta,Insecta,216,100,Tortricidae,5343.0,Cryptophlebia,1736951.0,Animalia,1,EXACT,,Lepidoptera,797,Arthropoda,54,SPECIES,"Cryptophlebia ombrodelta Lower, 1898",Cryptophlebia ombrodelta,1737015.0,ACCEPTED,False,1737015,Cryptophlebia ombrodelta
Etiella zinckenella,Insecta,216,100,Pyralidae,5336.0,Etiella,1870449.0,Animalia,1,EXACT,,Lepidoptera,797,Arthropoda,54,SPECIES,"Etiella zinckenella Treitschke, 1832",Etiella zinckenella,1870450.0,ACCEPTED,False,1870450,Etiella zinckenella
Lamprosema,Insecta,216,96,Crambidae,8841.0,Lamprosema,1891594.0,Animalia,1,HIGHERRANK,,Lepidoptera,797,Arthropoda,54,GENUS,"Lamprosema Hübner, 1823",,,ACCEPTED,False,1891594,Lamprosema diemenalis
Adoxophyes melia,Insecta,216,100,Tortricidae,5343.0,Adoxophyes,1740434.0,Animalia,1,EXACT,,Lepidoptera,797,Arthropoda,54,SPECIES,"Adoxophyes melia Clarke, 1976",Adoxophyes melia,1740496.0,ACCEPTED,False,1740496,Adoxophyes melia
Acrocercops,Insecta,216,97,Gracillariidae,5487.0,Acrocercops,1750759.0,Animalia,1,EXACT,,Lepidoptera,797,Arthropoda,54,GENUS,"Acrocercops Wallengren, 1881",,,ACCEPTED,False,1750759,Acrocercops
Sphenarches caffer,Insecta,216,100,Pterophoridae,8863.0,Sphenarches,1859925.0,Animalia,1,EXACT,,Lepidoptera,797,Arthropoda,54,SPECIES,"Sphenarches caffer Zeller, 1852",Sphenarches caffer,1859927.0,ACCEPTED,False,1859927,Sphenarches caffer
Agrius convolvuli,Insecta,216,100,Sphingidae,8868.0,Agrius,1861607.0,Animalia,1,EXACT,,Lepidoptera,797,Arthropoda,54,SPECIES,"Agrius convolvuli Linnaeus, 1758",Agrius convolvuli,1861644.0,ACCEPTED,False,1861644,Agrius convolvuli
Lampides boeticus,Insecta,216,100,Lycaenidae,5473.0,Lampides,1924564.0,Animalia,1,EXACT,,Lepidoptera,797,Arthropoda,54,SPECIES,"Lampides boeticus (Linnaeus, 1767)",Lampides boeticus,1924713.0,ACCEPTED,False,1924713,Lampides boeticus
Heliothis,Insecta,216,95,Noctuidae,7015.0,Heliothis,7742506.0,Animalia,1,HIGHERRANK,,Lepidoptera,797,Arthropoda,54,GENUS,"Heliothis Ochsenheimer, 1816",,,ACCEPTED,False,7742506,Heliothis armigera
Chrysodeixis chalcites,Insecta,216,100,Noctuidae,7015.0,Chrysodeixis,1785140.0,Animalia,1,EXACT,,Lepidoptera,797,Arthropoda,54,SPECIES,"Chrysodeixis chalcites Esper, 1789",Chrysodeixis chalcites,1785185.0,ACCEPTED,False,1785185,Chrysodeixis chalcites
Phaneroptera furcifera,Insecta,216,100,Tettigoniidae,3991.0,Phaneroptera,1686201.0,Animalia,1,EXACT,,Orthoptera,1458,Arthropoda,54,SPECIES,"Phaneroptera furcifera Stål, 1861",Phaneroptera furcifera,1686219.0,ACCEPTED,False,1686219,Phaneroptera furcifera
Thrips palmi,Insecta,216,100,Thripidae,4387.0,Thrips,1420882.0,Animalia,1,EXACT,,Thysanoptera,1228,Arthropoda,54,SPECIES,"Thrips palmi Karny, 1925",Thrips palmi,1420906.0,ACCEPTED,False,1420906,Thrips palmi
Thrips tabaci,Insecta,216,100,Thripidae,4387.0,Thrips,1420882.0,Animalia,1,EXACT,,Thysanoptera,1228,Arthropoda,54,SPECIES,"Thrips tabaci Lindeman, 1889",Thrips tabaci,1420961.0,ACCEPTED,False,1420961,Thrips tabaci
Cynodon,Liliopsida,196,97,Poaceae,3073.0,Cynodon,2703525.0,Plantae,6,EXACT,,Poales,1369,Tracheophyta,7707728,GENUS,Cynodon Rich.,,,ACCEPTED,False,2703525,Cynodon
Antonina graminis,Insecta,216,99,Pseudococcidae,4534.0,Antonina,2082478.0,Animalia,1,EXACT,,Hemiptera,809,Arthropoda,54,SPECIES,"Antonina graminis (Maskell, 1897)",Antonina graminis,8082584.0,ACCEPTED,False,8082584,Antonina graminis
Marasmia,Insecta,216,94,Crambidae,8841.0,Marasmia,4687217.0,Animalia,1,HIGHERRANK,,Lepidoptera,797,Arthropoda,54,GENUS,"Marasmia Lederer, 1863",,,DOUBTFUL,False,4687217,Marasmia venilialis
Areca catechu,Liliopsida,196,100,Arecaceae,7681.0,Areca,2736518.0,Plantae,6,EXACT,,Arecales,552,Tracheophyta,7707728,SPECIES,Areca catechu L.,Areca catechu,2736531.0,ACCEPTED,False,2736531,Areca catechu
Rhabdoscelus obscurus,Insecta,216,100,Curculionidae,4239.0,Rhabdoscelus,3263747.0,Animalia,1,EXACT,,Coleoptera,1470,Arthropoda,54,SPECIES,"Rhabdoscelus obscurus (Boisduval, 1835)",Rhabdoscelus obscurus,4291564.0,ACCEPTED,False,4291564,Rhabdoscelus obscurus
Xyleborus perforans,Insecta,216,98,Curculionidae,4239.0,Xyleborus,1232636.0,Animalia,1,EXACT,,Coleoptera,1470,Arthropoda,54,SPECIES,"Xyleborus perforans Wood & Bright, 1992",Xyleborus perforans,5019910.0,DOUBTFUL,False,5019910,Xyleborus perforans
Protaetia orientalis,Insecta,216,100,Cetoniidae,4204.0,Protaetia,1080110.0,Animalia,1,EXACT,,Coleoptera,1470,Arthropoda,54,SPECIES,"Protaetia orientalis (Gory & Percheron, 1833)",Protaetia orientalis,1080311.0,ACCEPTED,False,1080311,Protaetia orientalis
Diocalandra frumenti,Insecta,216,98,Dryophthoridae,8494.0,Diocalandra,1169449.0,Animalia,1,EXACT,,Coleoptera,1470,Arthropoda,54,SPECIES,"Diocalandra frumenti Marshall, G.A.K., 1931",Diocalandra frumenti,1169450.0,DOUBTFUL,False,1169450,Diocalandra frumenti
Oryctes rhinoceros,Insecta,216,100,Dynastidae,4205.0,Oryctes,1075895.0,Animalia,1,EXACT,,Coleoptera,1470,Arthropoda,54,SPECIES,"Oryctes rhinoceros (Linnaeus, 1758)",Oryctes rhinoceros,4995642.0,ACCEPTED,False,4995642,Oryctes rhinoceros
Lepidosaphes laterochitinosa,Insecta,216,100,Diaspididae,4521.0,Lepidosaphes,2088966.0,Animalia,1,EXACT,,Hemiptera,809,Arthropoda,54,SPECIES,"Lepidosaphes laterochitinosa Green, 1925",Lepidosaphes laterochitinosa,2089321.0,ACCEPTED,False,2089321,Lepidosaphes laterochitinosa
Lepidosaphes similis,Insecta,216,100,Diaspididae,4521.0,Lepidosaphes,2088966.0,Animalia,1,EXACT,,Hemiptera,809,Arthropoda,54,SPECIES,"Lepidosaphes similis Beardsley, 1975",Lepidosaphes similis,2089035.0,ACCEPTED,False,2089035,Lepidosaphes similis
Cerataphis lataniae,Insecta,216,100,Aphididae,3042.0,Cerataphis,2074358.0,Animalia,1,EXACT,,Hemiptera,809,Arthropoda,54,SPECIES,"Cerataphis lataniae (Boisduval, 1867)",Cerataphis lataniae,2074369.0,ACCEPTED,False,2074369,Cerataphis lataniae
Pinnaspis buxi,Insecta,216,99,Diaspididae,4521.0,Pinnaspis,2086145.0,Animalia,1,EXACT,,Hemiptera,809,Arthropoda,54,SPECIES,"Pinnaspis buxi (Bouché, 1851)",Pinnaspis buxi,8038788.0,ACCEPTED,False,8038788,Pinnaspis buxi
Dysmicoccus brevipes,Insecta,216,99,Pseudococcidae,4534.0,Dysmicoccus,2092782.0,Animalia,1,EXACT,,Hemiptera,809,Arthropoda,54,SPECIES,"Dysmicoccus brevipes (Cockerell, 1893)",Dysmicoccus brevipes,7672713.0,ACCEPTED,False,7672713,Dysmicoccus brevipes
Palmicultor palmarum,Insecta,216,99,Pseudococcidae,4534.0,Palmicultor,2093289.0,Animalia,1,EXACT,,Hemiptera,809,Arthropoda,54,SPECIES,"Palmicultor palmarum (Ehrhorn, 1916)",Palmicultor palmarum,2093294.0,ACCEPTED,False,2093294,Palmicultor palmarum
Parlatoria proteus,Insecta,216,99,Diaspididae,4521.0,Parlatoria,2085650.0,Animalia,1,EXACT,,Hemiptera,809,Arthropoda,54,SPECIES,"Parlatoria proteus (Curtis, 1843)",Parlatoria proteus,7703477.0,ACCEPTED,False,7703477,Parlatoria proteus
Coccus mangiferae,Insecta,216,99,Coccidae,6963.0,Milviscutulus,2091561.0,Animalia,1,EXACT,,Hemiptera,809,Arthropoda,54,SPECIES,"Coccus mangiferae Fernald, 1903",Milviscutulus mangiferae,8123161.0,SYNONYM,True,5163589,Coccus mangiferae
Pinnaspis aspidistrae,Insecta,216,100,Diaspididae,4521.0,Pinnaspis,2086145.0,Animalia,1,EXACT,,Hemiptera,809,Arthropoda,54,SPECIES,"Pinnaspis aspidistrae (Signoret, 1869)",Pinnaspis aspidistrae,4290201.0,ACCEPTED,False,4290201,Pinnaspis aspidistrae
Phenacaspis inday,Insecta,216,99,Diaspididae,4521.0,Pseudaulacaspis,2088694.0,Animalia,1,EXACT,,Hemiptera,809,Arthropoda,54,SPECIES,"Phenacaspis inday Robinson, 1917",Pseudaulacaspis cockerelli,2088910.0,SYNONYM,True,2088921,Phenacaspis inday
Agonoxena,Insecta,216,97,Agonoxenidae,4539.0,Agonoxena,1853137.0,Animalia,1,EXACT,,Lepidoptera,797,Arthropoda,54,GENUS,"Agonoxena Meyrick, 1921",,,ACCEPTED,False,1853137,Agonoxena
Batrachedra,Insecta,216,97,Batrachedridae,4554.0,Batrachedra,1852917.0,Animalia,1,EXACT,,Lepidoptera,797,Arthropoda,54,GENUS,"Batrachedra Herrich-Schäffer, 1853",,,ACCEPTED,False,1852917,Batrachedra
Heliothrips haemorrhoidalis,Insecta,216,100,Thripidae,4387.0,Heliothrips,1420794.0,Animalia,1,EXACT,,Thysanoptera,1228,Arthropoda,54,SPECIES,"Heliothrips haemorrhoidalis (Bouché, 1833)",Heliothrips haemorrhoidalis,1420795.0,ACCEPTED,False,1420795,Heliothrips haemorrhoidalis
Artocarpus altilis,Magnoliopsida,220,95,Moraceae,6640.0,Artocarpus,2984563.0,Plantae,6,FUZZY,,Rosales,691,Tracheophyta,7707728,SPECIES,Artocarpus altilis (Parkinson) Fosberg,Artocarpus altilis,8571903.0,ACCEPTED,False,8571903,Artocarpus altitis
Ceresium unicolor,Insecta,216,100,Cerambycidae,5602.0,Ceresium,1104680.0,Animalia,1,EXACT,,Coleoptera,1470,Arthropoda,54,SPECIES,"Ceresium unicolor (Fabricius, 1787)",Ceresium unicolor,4293080.0,ACCEPTED,False,4293080,Ceresium unicolor
Aclees porosus,Insecta,216,97,Curculionidae,4239.0,Aclees,1188295.0,Animalia,1,EXACT,2 synonym homonyms,Coleoptera,1470,Arthropoda,54,SPECIES,"Aclees porosus Lacordaire, T., 1863",Aclees porosus,1188297.0,DOUBTFUL,False,1188297,Aclees porosus
Dacus umbrosus,Insecta,216,99,Tephritidae,3520.0,Bactrocera,1626510.0,Animalia,1,EXACT,,Diptera,811,Arthropoda,54,SPECIES,"Dacus umbrosus Fabricius, 1805",Bactrocera umbrosa,7690887.0,SYNONYM,True,1627255,Dacus umbrosus
Dacus frauenfeldi,Insecta,216,99,Tephritidae,3520.0,Bactrocera,1626510.0,Animalia,1,EXACT,,Diptera,811,Arthropoda,54,SPECIES,"Dacus frauenfeldi Schiner, 1868",Bactrocera frauenfeldi,5087454.0,SYNONYM,True,1627089,Dacus frauenfeldi
Andaspis punicae,Insecta,216,99,Diaspididae,4521.0,Andaspis,2088598.0,Animalia,1,EXACT,,Hemiptera,809,Arthropoda,54,SPECIES,"Andaspis punicae (Laing, 1929)",Andaspis punicae,7631004.0,ACCEPTED,False,7631004,Andaspis punicae
Coccus moestus,Insecta,216,100,Coccidae,6963.0,Coccus,2049629.0,Animalia,1,EXACT,,Hemiptera,809,Arthropoda,54,SPECIES,"Coccus moestus De Lotto, 1959",Coccus moestus,5163234.0,ACCEPTED,False,5163234,Coccus moestus
Vinsonia stellifera,Insecta,216,99,Coccidae,6963.0,Vinsonia,2091462.0,Animalia,1,EXACT,,Hemiptera,809,Arthropoda,54,SPECIES,"Vinsonia stellifera (Westwood, 1871)",Vinsonia stellifera,5163542.0,ACCEPTED,False,5163542,Vinsonia stellifera
Chrysomphalus aonidum,Insecta,216,99,Diaspididae,4521.0,Chrysomphalus,2083434.0,Animalia,1,EXACT,,Hemiptera,809,Arthropoda,54,SPECIES,"Chrysomphalus aonidum (Linnaeus, 1758)",Chrysomphalus aonidum,8026254.0,ACCEPTED,False,8026254,Chrysomphalus aonidum
Pseudaulacaspis pentagona,Insecta,216,99,Diaspididae,4521.0,Pseudaulacaspis,2088694.0,Animalia,1,EXACT,,Hemiptera,809,Arthropoda,54,SPECIES,"Pseudaulacaspis pentagona (Targioni Tozzetti, 1886)",Pseudaulacaspis pentagona,8321970.0,ACCEPTED,False,8321970,Pseudaulacaspis pentagona
Planococcus lilacinus,Insecta,216,99,Pseudococcidae,4534.0,Planococcus,2095382.0,Animalia,1,EXACT,,Hemiptera,809,Arthropoda,54,SPECIES,"Planococcus lilacinus (Cockerell, 1905)",Planococcus lilacinus,5164205.0,ACCEPTED,False,5164205,Planococcus lilacinus
Pseudococcus marshallensis,Insecta,216,100,Pseudococcidae,4534.0,Pseudococcus,2081087.0,Animalia,1,EXACT,,Hemiptera,809,Arthropoda,54,SPECIES,"Pseudococcus marshallensis Beardsley, 1966",Pseudococcus marshallensis,2095178.0,ACCEPTED,False,2095178,Pseudococcus marshallensis
Xenaleyrodes artocarpi,Insecta,216,100,Aleyrodidae,4304.0,Xenaleyrodes,4771654.0,Animalia,1,EXACT,,Hemiptera,809,Arthropoda,54,SPECIES,"Xenaleyrodes artocarpi Takahashi, 1936",Xenaleyrodes artocarpi,4771658.0,ACCEPTED,False,4771658,Xenaleyrodes artocarpi
Asterolecanium pustulans,Insecta,216,100,Asterolecaniidae,3265514.0,Asterolecanium,2089594.0,Animalia,1,EXACT,,Hemiptera,809,Arthropoda,54,SPECIES,"Asterolecanium pustulans (Cockerell, 1892)",Asterolecanium pustulans,4290170.0,ACCEPTED,False,4290170,Asterolecanium pustulans
Icerya purchasi,Insecta,216,100,Margarodidae,8651.0,Icerya,2080538.0,Animalia,1,EXACT,,Hemiptera,809,Arthropoda,54,SPECIES,"Icerya purchasi Maskell, 1878",Icerya purchasi,2080592.0,ACCEPTED,False,2080592,Icerya purchasi
Phaciocephalus onoi,Insecta,216,100,Derbidae,4247.0,Phaciocephalus,2062148.0,Animalia,1,EXACT,,Hemiptera,809,Arthropoda,54,SPECIES,"Phaciocephalus onoi Metcalf, 1954",Phaciocephalus onoi,2062150.0,ACCEPTED,False,2062150,Phaciocephalus onoi
Pseudococcus trukensis,Insecta,216,100,Pseudococcidae,4534.0,Pseudococcus,2081087.0,Animalia,1,EXACT,,Hemiptera,809,Arthropoda,54,SPECIES,"Pseudococcus trukensis Beardsley, 1966",Pseudococcus trukensis,2095136.0,ACCEPTED,False,2095136,Pseudococcus trukensis
Ceroplastes rubens,Insecta,216,100,Coccidae,6963.0,Ceroplastes,2092293.0,Animalia,1,EXACT,,Hemiptera,809,Arthropoda,54,SPECIES,"Ceroplastes rubens Maskell, 1893",Ceroplastes rubens,2092326.0,ACCEPTED,False,2092326,Ceroplastes rubens
Brassica,Magnoliopsida,220,97,Brassicaceae,3112.0,Brassica,3042506.0,Plantae,6,EXACT,,Brassicales,7225535,Tracheophyta,7707728,GENUS,Brassica L.,,,ACCEPTED,False,3042506,Brassica
Liriomyza brassicae,Insecta,216,100,Agromyzidae,3329.0,Liriomyza,1553283.0,Animalia,1,EXACT,,Diptera,811,Arthropoda,54,SPECIES,"Liriomyza brassicae (Riley, 1885)",Liriomyza brassicae,1553327.0,ACCEPTED,False,1553327,Liriomyza brassicae
Lipaphis erysimi,Insecta,216,100,Aphididae,3042.0,Lipaphis,2077142.0,Animalia,1,EXACT,,Hemiptera,809,Arthropoda,54,SPECIES,"Lipaphis erysimi (Kaltenbach, 1843)",Lipaphis erysimi,2077143.0,ACCEPTED,False,2077143,Lipaphis erysimi
Heliothis,Insecta,216,95,Noctuidae,7015.0,Heliothis,7742506.0,Animalia,1,HIGHERRANK,,Lepidoptera,797,Arthropoda,54,GENUS,"Heliothis Ochsenheimer, 1816",,,ACCEPTED,False,7742506,Heliothis zea
Hellula undalis,Insecta,216,100,Crambidae,8841.0,Hellula,1879396.0,Animalia,1,EXACT,,Lepidoptera,797,Arthropoda,54,SPECIES,"Hellula undalis Fabricius, 1781",Hellula undalis,1879408.0,ACCEPTED,False,1879408,Hellula undalis
Plutella xylostella,Insecta,216,100,Plutellidae,8860.0,Plutella,1831127.0,Animalia,1,EXACT,,Lepidoptera,797,Arthropoda,54,SPECIES,"Plutella xylostella Linnaeus, 1767",Plutella xylostella,1831136.0,ACCEPTED,False,1831136,Plutella xylostella
Crocidolomia binotalis,Insecta,216,100,Crambidae,8841.0,Crocidolomia,1879334.0,Animalia,1,EXACT,,Lepidoptera,797,Arthropoda,54,SPECIES,"Crocidolomia binotalis Zeller, 1852",Crocidolomia binotalis,1879345.0,ACCEPTED,False,1879345,Crocidolomia binotalis
Manihot esculenta,Magnoliopsida,220,100,Euphorbiaceae,4691.0,Manihot,3060685.0,Plantae,6,EXACT,,Malpighiales,1414,Tracheophyta,7707728,SPECIES,Manihot esculenta Crantz,Manihot esculenta,3060998.0,ACCEPTED,False,3060998,Manihot esculenta
Tetranychus,Arachnida,367,97,Tetranychidae,6057.0,Tetranychus,2130777.0,Animalia,1,EXACT,,Prostigmata,372,Arthropoda,54,GENUS,"Tetranychus Dufour, 1832",,,ACCEPTED,False,2130777,Tetranychus
Tetranychus truncatus,Arachnida,367,100,Tetranychidae,6057.0,Tetranychus,2130777.0,Animalia,1,EXACT,,Prostigmata,372,Arthropoda,54,SPECIES,"Tetranychus truncatus Ehara, 1956",Tetranychus truncatus,2129807.0,ACCEPTED,False,2129807,Tetranychus truncatus
Parasaissetia nigra,Insecta,216,99,Coccidae,6963.0,Parasaissetia,2092092.0,Animalia,1,EXACT,,Hemiptera,809,Arthropoda,54,SPECIES,"Parasaissetia nigra (Nietner, 1861)",Parasaissetia nigra,8198400.0,ACCEPTED,False,8198400,Parasaissetia nigra
Phenacoccus madeirensis,Insecta,216,100,Pseudococcidae,4534.0,Phenacoccus,2096058.0,Animalia,1,EXACT,,Hemiptera,809,Arthropoda,54,SPECIES,"Phenacoccus madeirensis Green, 1923",Phenacoccus madeirensis,2096180.0,ACCEPTED,False,2096180,Phenacoccus madeirensis
Theobroma cacao,Magnoliopsida,220,100,Malvaceae,6685.0,Theobroma,2984934.0,Plantae,6,EXACT,,Malvales,941,Tracheophyta,7707728,SPECIES,Theobroma cacao L.,Theobroma cacao,3152205.0,ACCEPTED,False,3152205,Theobroma cacao
Xyleborus similis,Insecta,216,97,Curculionidae,4239.0,Xyleborus,1232636.0,Animalia,1,EXACT,2 synonym homonyms,Coleoptera,1470,Arthropoda,54,SPECIES,"Xyleborus similis Ferrari, 1867a",Xyleborus similis,5020065.0,DOUBTFUL,False,5020065,Xyleborus similis
Pelargoderus luteosparsus,Insecta,216,100,Cerambycidae,5602.0,Pelargoderus,1102255.0,Animalia,1,EXACT,,Coleoptera,1470,Arthropoda,54,SPECIES,"Pelargoderus luteosparsus (Matsushita, 1935)",Pelargoderus luteosparsus,1102275.0,ACCEPTED,False,1102275,Pelargoderus luteosparsus
Coenobius,Insecta,216,96,Chrysomelidae,7780.0,Coenobius,4734957.0,Animalia,1,HIGHERRANK,,Coleoptera,1470,Arthropoda,54,GENUS,"Coenobius Suffrian, 1857",,,ACCEPTED,False,4734957,Coenobius glochidionis
Xyleborus ferrugineus,Insecta,216,98,Curculionidae,4239.0,Xyleborus,1232636.0,Animalia,1,EXACT,,Coleoptera,1470,Arthropoda,54,SPECIES,"Xyleborus ferrugineus Wood & Bright, 1992",Xyleborus ferrugineus,5020459.0,DOUBTFUL,False,5020459,Xyleborus ferrugineus
Eusyphax bivittatus,Insecta,216,100,Derbidae,4247.0,Eusyphax,2061885.0,Animalia,1,EXACT,,Hemiptera,809,Arthropoda,54,SPECIES,"Eusyphax bivittatus (Metcalf, 1946)",Eusyphax bivittatus,7375840.0,ACCEPTED,False,7375840,Eusyphax bivittatus
Toxoptera aurantii,Insecta,216,99,Aphididae,3042.0,Aphis,8643682.0,Animalia,1,EXACT,,Hemiptera,809,Arthropoda,54,SPECIES,Toxoptera aurantii,Aphis gossypii,2072734.0,SYNONYM,True,2075867,Toxoptera aurantii
Tiracola plagiata,Insecta,216,100,Noctuidae,7015.0,Tiracola,1762640.0,Animalia,1,EXACT,,Lepidoptera,797,Arthropoda,54,SPECIES,"Tiracola plagiata Walker, 1857",Tiracola plagiata,1762657.0,ACCEPTED,False,1762657,Tiracola plagiata
Cocos nucifera,Liliopsida,196,100,Arecaceae,7681.0,Cocos,2735116.0,Plantae,6,EXACT,,Arecales,552,Tracheophyta,7707728,SPECIES,Cocos nucifera L.,Cocos nucifera,2735117.0,ACCEPTED,False,2735117,Cocos nucifera
Brontispa chalybeipennis,Insecta,216,100,Chrysomelidae,7780.0,Brontispa,1048751.0,Animalia,1,EXACT,,Coleoptera,1470,Arthropoda,54,SPECIES,"Brontispa chalybeipennis (Zacher, 1913)",Brontispa chalybeipennis,1048753.0,ACCEPTED,False,1048753,Brontispa chalybeipennis
Brontispa mariana,Insecta,216,100,Chrysomelidae,7780.0,Brontispa,1048751.0,Animalia,1,EXACT,,Coleoptera,1470,Arthropoda,54,SPECIES,"Brontispa mariana Spaeth, 1937",Brontispa mariana,1048754.0,ACCEPTED,False,1048754,Brontispa mariana
Brontispa palauensis,Insecta,216,100,Chrysomelidae,7780.0,Brontispa,1048751.0,Animalia,1,EXACT,,Coleoptera,1470,Arthropoda,54,SPECIES,"Brontispa palauensis (Esaki & Chûjô, 1940)",Brontispa palauensis,1048752.0,ACCEPTED,False,1048752,Brontispa palauensis
Caroliniella aenescens,Insecta,216,100,Cerambycidae,5602.0,Caroliniella,1143223.0,Animalia,1,EXACT,,Coleoptera,1470,Arthropoda,54,SPECIES,"Caroliniella aenescens Blair, 1940",Caroliniella aenescens,1143224.0,ACCEPTED,False,1143224,Caroliniella aenescens
Trochorhopalus strangulatus,Insecta,216,98,Dryophthoridae,8494.0,Trochorhopalus,1169302.0,Animalia,1,EXACT,,Coleoptera,1470,Arthropoda,54,SPECIES,"Trochorhopalus strangulatus Hustache, A., 1924",Trochorhopalus strangulatus,1169308.0,DOUBTFUL,False,1169308,Trochorhopalus strangulatus
Rhabdoscelus,Insecta,216,96,Curculionidae,4239.0,Rhabdoscelus,3263747.0,Animalia,1,HIGHERRANK,,Coleoptera,1470,Arthropoda,54,GENUS,"Rhabdoscelus Marshall, 1943",,,ACCEPTED,False,3263747,Rhabdoscelus asperipennis
Astegopteryx rhapidis,Insecta,216,100,Aphididae,3042.0,Astegopteryx,2075119.0,Animalia,1,EXACT,,Hemiptera,809,Arthropoda,54,SPECIES,"Astegopteryx rhapidis (van der Goot, 1917)",Astegopteryx rhapidis,2075144.0,ACCEPTED,False,2075144,Astegopteryx rhapidis
Aleurocanthus palauensis,Insecta,216,100,Aleyrodidae,4304.0,Aleurocanthus,2012156.0,Animalia,1,EXACT,,Hemiptera,809,Arthropoda,54,SPECIES,"Aleurocanthus palauensis Kuwana, 1931",Aleurocanthus palauensis,8354964.0,ACCEPTED,False,8354964,Aleurocanthus palauensis
Aleurodicus dispersus,Insecta,216,100,Aleyrodidae,4304.0,Aleurodicus,2012121.0,Animalia,1,EXACT,,Hemiptera,809,Arthropoda,54,SPECIES,"Aleurodicus dispersus Russell, 1965",Aleurodicus dispersus,2012122.0,ACCEPTED,False,2012122,Aleurodicus dispersus
Aonidiella comperei,Insecta,216,99,Diaspididae,4521.0,Aonidiella,2082961.0,Animalia,1,EXACT,,Hemiptera,809,Arthropoda,54,SPECIES,"Aonidiella comperei McKenzie, 1937",Aonidiella comperei,2082986.0,ACCEPTED,False,2082986,Aonidiella comperei
Aonidiella eremocitri,Insecta,216,99,Diaspididae,4521.0,Aonidiella,2082961.0,Animalia,1,EXACT,,Hemiptera,809,Arthropoda,54,SPECIES,"Aonidiella eremocitri McKenzie, 1937",Aonidiella eremocitri,2083038.0,ACCEPTED,False,2083038,Aonidiella eremocitri
Lepidosaphes esakii,Insecta,216,100,Diaspididae,4521.0,Lepidosaphes,2088966.0,Animalia,1,EXACT,,Hemiptera,809,Arthropoda,54,SPECIES,"Lepidosaphes esakii Takahashi, 1939",Lepidosaphes esakii,2089305.0,ACCEPTED,False,2089305,Lepidosaphes esakii
Lamenia numitor,Insecta,216,100,Derbidae,4247.0,Lamenia,2063214.0,Animalia,1,EXACT,,Hemiptera,809,Arthropoda,54,SPECIES,"Lamenia numitor Fennah, 1956",Lamenia numitor,2063223.0,ACCEPTED,False,2063223,Lamenia numitor
Lallemandana phalerata,Insecta,216,100,Aphrophoridae,3764.0,Lallemandana,2016635.0,Animalia,1,EXACT,,Hemiptera,809,Arthropoda,54,SPECIES,"Lallemandana phalerata (Stål, 1854)",Lallemandana phalerata,2016693.0,ACCEPTED,False,2016693,Lallemandana phalerata
Leptynoptera sulfurea,Insecta,216,100,Triozidae,7631.0,Leptynoptera,2014479.0,Animalia,1,EXACT,,Hemiptera,809,Arthropoda,54,SPECIES,"Leptynoptera sulfurea Crawford, 1919",Leptynoptera sulfurea,2014481.0,ACCEPTED,False,2014481,Leptynoptera sulfurea
Palmicultor guamensis,Insecta,216,100,Pseudococcidae,4534.0,Palmicultor,2093289.0,Animalia,1,EXACT,,Hemiptera,809,Arthropoda,54,SPECIES,"Palmicultor guamensis Beardsley, 1966",Palmicultor guamensis,2093292.0,ACCEPTED,False,2093292,Palmicultor guamensis
Furcaspis oceanica,Insecta,216,99,Diaspididae,4521.0,Furcaspis,2086421.0,Animalia,1,EXACT,,Hemiptera,809,Arthropoda,54,SPECIES,"Furcaspis oceanica Lindinger, 1909",Furcaspis oceanica,2086435.0,ACCEPTED,False,2086435,Furcaspis oceanica
Flaccia dione,Insecta,216,100,Derbidae,4247.0,Flaccia,2061901.0,Animalia,1,EXACT,,Hemiptera,809,Arthropoda,54,SPECIES,"Flaccia dione Fennah, 1956",Flaccia dione,2061914.0,ACCEPTED,False,2061914,Flaccia dione
Exitianus plebeius,Insecta,216,100,Cicadellidae,9647.0,Exitianus,2048891.0,Animalia,1,EXACT,,Hemiptera,809,Arthropoda,54,SPECIES,"Exitianus plebeius Kirkaldy, 1906",Exitianus plebeius,2048922.0,ACCEPTED,False,2048922,Exitianus plebeius
Dysmicoccus saipanensis,Insecta,216,99,Pseudococcidae,4534.0,Dysmicoccus,2092782.0,Animalia,1,EXACT,,Hemiptera,809,Arthropoda,54,SPECIES,"Dysmicoccus saipanensis Beardsley, 1966",Dysmicoccus cocotis,2092785.0,SYNONYM,True,2092786,Dysmicoccus saipanensis
Swezeyia zephyra,Insecta,216,97,Derbidae,4247.0,Swezeyia,2062754.0,Animalia,1,FUZZY,,Hemiptera,809,Arthropoda,54,SPECIES,"Swezeyia zephyra Fennah, 1956",Swezeyia zephyra,2062771.0,ACCEPTED,False,2062771,Swezeyia zephyrus
Protalebrella brasiliensis,Insecta,216,96,Cicadellidae,9647.0,Protalebrella,2031843.0,Animalia,1,FUZZY,,Hemiptera,809,Arthropoda,54,SPECIES,"Protalebrella brasiliensis (Baker, 1899)",Protalebrella brasiliensis,2031856.0,ACCEPTED,False,2031856,Protalebrella braziliensis
Pinnaspis strachani,Insecta,216,99,Diaspididae,4521.0,Pinnaspis,2086145.0,Animalia,1,EXACT,,Hemiptera,809,Arthropoda,54,SPECIES,"Pinnaspis strachani (Cooley, 1899)",Pinnaspis strachani,7663030.0,ACCEPTED,False,7663030,Pinnaspis strachani
Neotermes,Insecta,216,96,Kalotermitidae,4353.0,Neotermes,2007329.0,Animalia,1,HIGHERRANK,,Isoptera,999,Arthropoda,54,GENUS,"Neotermes Holmgren, 1911",,,ACCEPTED,False,2007329,Neotermes kanehirae
Agonoxena pyrogramma,Insecta,216,100,Agonoxenidae,4539.0,Agonoxena,1853137.0,Animalia,1,EXACT,,Lepidoptera,797,Arthropoda,54,SPECIES,"Agonoxena pyrogramma Meyrick, 1924",Agonoxena pyrogramma,1853138.0,ACCEPTED,False,1853138,Agonoxena pyrogramma
Segestes unicolor,Insecta,216,100,Tettigoniidae,3991.0,Segestes,1694654.0,Animalia,1,EXACT,,Orthoptera,1458,Arthropoda,54,SPECIES,"Segestes unicolor Redtenbacher, 1892",Segestes unicolor,1694658.0,ACCEPTED,False,1694658,Segestes unicolor
Acanthograeffea denticulata,Insecta,216,100,Phasmatidae,5108.0,Acanthograeffea,1412320.0,Animalia,1,EXACT,,Phasmida,1460,Arthropoda,54,SPECIES,"Acanthograeffea denticulata (Redtenbacher, 1908)",Acanthograeffea denticulata,1412321.0,ACCEPTED,False,1412321,Acanthograeffea denticulata
Acanthograeffea modesta,Insecta,216,100,Phasmatidae,5108.0,Acanthograeffea,1412320.0,Animalia,1,EXACT,,Phasmida,1460,Arthropoda,54,SPECIES,"Acanthograeffea modesta Günther, 1932",Acanthograeffea modesta,1412323.0,ACCEPTED,False,1412323,Acanthograeffea modesta
Coffea,Magnoliopsida,220,97,Rubiaceae,8798.0,Coffea,2895315.0,Plantae,6,EXACT,,Gentianales,412,Tracheophyta,7707728,GENUS,Coffea L.,,,ACCEPTED,False,2895315,Coffea
Hypothenemus hampei,Insecta,216,99,Curculionidae,4239.0,Hypothenemus,1226155.0,Animalia,1,EXACT,,Coleoptera,1470,Arthropoda,54,SPECIES,"Hypothenemus hampei Ferrari, 1867",Hypothenemus hampei,1226221.0,ACCEPTED,False,1226221,Hypothenemus hampei
Xyleborus morigerus,Insecta,216,98,Curculionidae,4239.0,Xyleborus,1232636.0,Animalia,1,EXACT,,Coleoptera,1470,Arthropoda,54,SPECIES,"Xyleborus morigerus Blandford, 1894b",Xyleborus morigerus,5020248.0,DOUBTFUL,False,5020248,Xyleborus morigerus
Saissetia,Insecta,216,95,Coccidae,6963.0,Saissetia,2091083.0,Animalia,1,HIGHERRANK,,Hemiptera,809,Arthropoda,54,GENUS,"Saissetia Déplanche, 1859",,,ACCEPTED,False,2091083,Saissetia oleae
Chloropulvinaria psidii,Insecta,216,99,Coccidae,6963.0,Pulvinaria,2091776.0,Animalia,1,EXACT,,Hemiptera,809,Arthropoda,54,SPECIES,"Chloropulvinaria psidii Borchsenius, 1957",Pulvinaria psidii,2091992.0,SYNONYM,True,2091993,Chloropulvinaria psidii
Duplaspidiotus tesseratus,Insecta,216,99,Diaspididae,4521.0,Duplaspidiotus,2084091.0,Animalia,1,EXACT,,Hemiptera,809,Arthropoda,54,SPECIES,"Duplaspidiotus tesseratus (Grandpré & Charmoy, 1899)",Duplaspidiotus tesseratus,7908854.0,ACCEPTED,False,7908854,Duplaspidiotus tesseratus
Aleurodothrips fasciapennis,Insecta,216,100,Phlaeothripidae,4386.0,Aleurodothrips,1420196.0,Animalia,1,EXACT,,Thysanoptera,1228,Arthropoda,54,SPECIES,"Aleurodothrips fasciapennis (Franklin, 1908)",Aleurodothrips fasciapennis,1420197.0,ACCEPTED,False,1420197,Aleurodothrips fasciapennis
Karnyothrips melaleucus,Insecta,216,97,Phlaeothripidae,4386.0,Karnyothrips,1420159.0,Animalia,1,FUZZY,,Thysanoptera,1228,Arthropoda,54,SPECIES,"Karnyothrips melaleucus (Bagnall, 1911)",Karnyothrips melaleucus,1420160.0,ACCEPTED,False,1420160,Karnyothrips melaleuca
Gossypium,Magnoliopsida,220,97,Malvaceae,6685.0,Gossypium,3152652.0,Plantae,6,EXACT,,Malvales,941,Tracheophyta,7707728,GENUS,Gossypium L.,,,ACCEPTED,False,3152652,Gossypium
Tetranychus cinnabarinus,Arachnida,367,99,Tetranychidae,6057.0,Tetranychus,2130777.0,Animalia,1,EXACT,,Prostigmata,372,Arthropoda,54,SPECIES,"Tetranychus cinnabarinus (Boisduval, 1867)",Tetranychus urticae,2130185.0,SYNONYM,True,2130191,Tetranychus cinnabarinus
Oxycarenus bicolor,Insecta,216,100,Lygaeidae,7888.0,Oxycarenus,4407280.0,Animalia,1,EXACT,,Hemiptera,809,Arthropoda,54,SPECIES,"Oxycarenus bicolor Fieber, 1852",Oxycarenus bicolor,4771134.0,ACCEPTED,False,4771134,Oxycarenus bicolor
Sundapteryx,Insecta,216,96,Cicadellidae,9647.0,Amrasca,2042778.0,Animalia,1,HIGHERRANK,,Hemiptera,809,Arthropoda,54,GENUS,"Sundapteryx Dworakowska, 1970",,,SYNONYM,True,2038665,Sundapteryx biguttula
Anomis erosa,Insecta,216,100,Noctuidae,7015.0,Anomis,1784925.0,Animalia,1,EXACT,,Lepidoptera,797,Arthropoda,54,SPECIES,"Anomis erosa Hübner, 1818",Anomis erosa,1785024.0,ACCEPTED,False,1785024,Anomis erosa
Diaphanes indicus,Insecta,216,80,Lampyridae,4737.0,Diaphanes,4762655.0,Animalia,1,FUZZY,,Coleoptera,1470,Arthropoda,54,SPECIES,"Diaphanes indicus Motschulsky, 1854",Diaphanes indicus,6990403.0,ACCEPTED,False,6990403,Diaphania indica
Codiaeum variegatum,Magnoliopsida,220,99,Euphorbiaceae,4691.0,Codiaeum,3071464.0,Plantae,6,EXACT,,Malpighiales,1414,Tracheophyta,7707728,SPECIES,Codiaeum variegatum (L.) Rumph. ex A.Juss.,Codiaeum variegatum,3071476.0,ACCEPTED,False,3071476,Codiaeum variegatum
Trigonops,Insecta,216,96,Curculionidae,4239.0,Trigonops,1225109.0,Animalia,1,HIGHERRANK,,Coleoptera,1470,Arthropoda,54,GENUS,"Trigonops Guérin-Ménéville, 1841",,,ACCEPTED,False,1225109,Trigonops hirsuta
Trigonops,Insecta,216,96,Curculionidae,4239.0,Trigonops,1225109.0,Animalia,1,HIGHERRANK,,Coleoptera,1470,Arthropoda,54,GENUS,"Trigonops Guérin-Ménéville, 1841",,,ACCEPTED,False,1225109,Trigonops inusitata
Lepidosaphes tokionis,Insecta,216,99,Diaspididae,4521.0,Lepidosaphes,2088966.0,Animalia,1,EXACT,,Hemiptera,809,Arthropoda,54,SPECIES,"Lepidosaphes tokionis (Kuwana, 1902)",Lepidosaphes tokionis,2089086.0,ACCEPTED,False,2089086,Lepidosaphes tokionis
Achaea janata,Insecta,216,99,Noctuidae,7015.0,Acanthodelta,1761917.0,Animalia,1,EXACT,,Lepidoptera,797,Arthropoda,54,SPECIES,Achaea janata (Linnaeus),Acanthodelta janata,5109097.0,SYNONYM,True,5113950,Achaea janata
Cucurbitaceae,Magnoliopsida,220,95,Cucurbitaceae,6634.0,,,Plantae,6,EXACT,,Cucurbitales,7224005,Tracheophyta,7707728,FAMILY,Cucurbitaceae,,,ACCEPTED,False,6634,Cucurbitaceae
Aulacophora,Insecta,216,95,Chrysomelidae,7780.0,Aulacophora,3260118.0,Animalia,1,HIGHERRANK,,Coleoptera,1470,Arthropoda,54,GENUS,"Aulacophora Chevrolat in d'Orbigny, 1842",,,ACCEPTED,False,3260118,Aulacophora flavomarginata
Nanyozo viridilineatus,Insecta,216,100,Curculionidae,4239.0,Nanyozo,4744603.0,Animalia,1,EXACT,,Coleoptera,1470,Arthropoda,54,SPECIES,"Nanyozo viridilineatus Kono, 1942",Nanyozo viridilineatus,7733031.0,ACCEPTED,False,7733031,Nanyozo viridilineatus
Aulacophora,Insecta,216,95,Chrysomelidae,7780.0,Aulacophora,3260118.0,Animalia,1,HIGHERRANK,,Coleoptera,1470,Arthropoda,54,GENUS,"Aulacophora Chevrolat in d'Orbigny, 1842",,,ACCEPTED,False,3260118,Aulacophora marginalis
Aulacophora similis,Insecta,216,99,Chrysomelidae,7780.0,Aulacophora,3260118.0,Animalia,1,EXACT,,Coleoptera,1470,Arthropoda,54,SPECIES,"Aulacophora similis Maulik, 1929",Aulacophora abdominalis,5808809.0,SYNONYM,True,5808814,Aulacophora similis
Aulacophora quadrimaculata,Insecta,216,100,Chrysomelidae,7780.0,Aulacophora,3260118.0,Animalia,1,EXACT,,Coleoptera,1470,Arthropoda,54,SPECIES,"Aulacophora quadrimaculata (Fabricius, 1781)",Aulacophora quadrimaculata,5808792.0,ACCEPTED,False,5808792,Aulacophora quadrimaculata
Physomerus grossipes,Insecta,216,100,Coreidae,9649.0,Physomerus,1209327.0,Animalia,1,EXACT,,Hemiptera,809,Arthropoda,54,SPECIES,"Physomerus grossipes (Fabricius, 1794)",Physomerus grossipes,5733019.0,ACCEPTED,False,5733019,Physomerus grossipes
Megymenum affine,Insecta,216,100,Dinidoridae,3266521.0,Megymenum,3266522.0,Animalia,1,EXACT,,Hemiptera,809,Arthropoda,54,SPECIES,"Megymenum affine Boisduval, 1835",Megymenum affine,4781480.0,ACCEPTED,False,4781480,Megymenum affine
Halticus insularis,Insecta,216,100,Miridae,4319.0,Halticus,2010238.0,Animalia,1,EXACT,,Hemiptera,809,Arthropoda,54,SPECIES,"Halticus insularis Usinger, 1946",Halticus insularis,6130167.0,ACCEPTED,False,6130167,Halticus insularis
Lepidosaphes beckii,Insecta,216,99,Diaspididae,4521.0,Lepidosaphes,2088966.0,Animalia,1,EXACT,,Hemiptera,809,Arthropoda,54,SPECIES,"Lepidosaphes beckii (Newman, 1869)",Lepidosaphes beckii,2089006.0,ACCEPTED,False,2089006,Lepidosaphes beckii
Diaphania,Insecta,216,95,,,Diaphania,3258127.0,Animalia,1,HIGHERRANK,,Lepidoptera,797,Arthropoda,54,GENUS,"Diaphania Hübner, 1818",,,ACCEPTED,False,3258127,Diaphania hyalinata
Stenocatantops splendens,Insecta,216,100,Acrididae,9394.0,Stenocatantops,1712229.0,Animalia,1,EXACT,,Orthoptera,1458,Arthropoda,54,SPECIES,"Stenocatantops splendens (Thunberg, 1815)",Stenocatantops splendens,1712231.0,ACCEPTED,False,1712231,Stenocatantops splendens
Cycas,Cycadopsida,228,97,Cycadaceae,6168.0,Cycas,2683206.0,Plantae,6,EXACT,,Cycadales,834,Tracheophyta,7707728,GENUS,Cycas L.,,,ACCEPTED,False,2683206,Cycas
Anaballus amplicollis,Insecta,216,100,Curculionidae,4239.0,Anaballus,1177740.0,Animalia,1,EXACT,,Coleoptera,1470,Arthropoda,54,SPECIES,"Anaballus amplicollis Fairmaire, 1849",Anaballus amplicollis,4291693.0,ACCEPTED,False,4291693,Anaballus amplicollis
Alciphron glaucus,Insecta,216,100,Pentatomidae,9650.0,Alciphron,4782384.0,Animalia,1,EXACT,,Hemiptera,809,Arthropoda,54,SPECIES,"Alciphron glaucus (Fabricius, 1775)",Alciphron glaucus,4782385.0,ACCEPTED,False,4782385,Alciphron glaucus
Lepidosaphes carolinensis,Insecta,216,100,Diaspididae,4521.0,Lepidosaphes,2088966.0,Animalia,1,EXACT,,Hemiptera,809,Arthropoda,54,SPECIES,"Lepidosaphes carolinensis Beardsley, 1966",Lepidosaphes carolinensis,2089229.0,ACCEPTED,False,2089229,Lepidosaphes carolinensis
Chilades,Insecta,216,96,Lycaenidae,5473.0,Chilades,1922270.0,Animalia,1,HIGHERRANK,,Lepidoptera,797,Arthropoda,54,GENUS,"Chilades Moore, 1881",,,ACCEPTED,False,1922270,Chilades pandava
Solanum melongena,Magnoliopsida,220,99,Solanaceae,7717.0,Solanum,2928997.0,Plantae,6,EXACT,,Solanales,1176,Tracheophyta,7707728,SPECIES,Solanum melongena L.,Solanum melongena,2930617.0,ACCEPTED,False,2930617,Solanum melongena
Epitrix hirtipennis,Insecta,216,100,Chrysomelidae,7780.0,Epitrix,1048246.0,Animalia,1,EXACT,,Coleoptera,1470,Arthropoda,54,SPECIES,"Epitrix hirtipennis (F. E. Melsheimer, 1847)",Epitrix hirtipennis,1048253.0,ACCEPTED,False,1048253,Epitrix hirtipennis
Epilachna,Insecta,216,95,Coccinellidae,7782.0,Epilachna,1043619.0,Animalia,1,HIGHERRANK,,Coleoptera,1470,Arthropoda,54,GENUS,"Epilachna Chevrolat, 1836",,,ACCEPTED,False,1043619,Epilachna vigintisexpunctata philippensis
Lygus kusaiensis,Insecta,216,100,Miridae,4319.0,Lygus,2010563.0,Animalia,1,EXACT,,Hemiptera,809,Arthropoda,54,SPECIES,"Lygus kusaiensis Carvalho, 1956",Lygus kusaiensis,8324342.0,ACCEPTED,False,8324342,Lygus kusaiensis
Protoparce,Insecta,216,96,Sphingidae,8868.0,Protoparce,4703461.0,Animalia,1,EXACT,,Lepidoptera,797,Arthropoda,54,GENUS,"Protoparce Burmeister, 1855",,,DOUBTFUL,False,4703461,Protoparce
Ficus,Magnoliopsida,220,97,Moraceae,6640.0,Ficus,2984588.0,Plantae,6,EXACT,,Rosales,691,Tracheophyta,7707728,GENUS,"Ficus Linnaeus, 1758",,,ACCEPTED,False,2984588,Ficus
Ceroplastes,Insecta,216,96,Coccidae,6963.0,Ceroplastes,2092293.0,Animalia,1,HIGHERRANK,,Hemiptera,809,Arthropoda,54,GENUS,"Ceroplastes Gray, 1828",,,ACCEPTED,False,2092293,Ceroplastes ceriferus
Euploea leucostictos,Insecta,216,100,Nymphalidae,7017.0,Euploea,1916794.0,Animalia,1,EXACT,,Lepidoptera,797,Arthropoda,54,SPECIES,"Euploea leucostictos Gmelin, 1788",Euploea leucostictos,5136414.0,ACCEPTED,False,5136414,Euploea leucostictos
Zingiber officinale,Liliopsida,196,100,Zingiberaceae,4687.0,Zingiber,2756693.0,Plantae,6,EXACT,,Zingiberales,627,Tracheophyta,7707728,SPECIES,Zingiber officinale Roscoe,Zingiber officinale,2757280.0,ACCEPTED,False,2757280,Zingiber officinale
Ostrinia furnacalis,Insecta,216,100,Crambidae,8841.0,Ostrinia,1886289.0,Animalia,1,EXACT,,Lepidoptera,797,Arthropoda,54,SPECIES,"Ostrinia furnacalis Guenée, 1854",Ostrinia furnacalis,1886362.0,ACCEPTED,False,1886362,Ostrinia furnacalis
Psidium guajava,Magnoliopsida,220,100,Myrtaceae,5014.0,Psidium,3187232.0,Plantae,6,EXACT,,Myrtales,690,Tracheophyta,7707728,SPECIES,Psidium guajava L.,Psidium guajava,5420380.0,ACCEPTED,False,5420380,Psidium guajava
Saissetia neglecta,Insecta,216,100,Coccidae,6963.0,Saissetia,2091083.0,Animalia,1,EXACT,,Hemiptera,809,Arthropoda,54,SPECIES,"Saissetia neglecta De Lotto, 1969",Saissetia neglecta,5163430.0,ACCEPTED,False,5163430,Saissetia neglecta
Kilifia acuminata,Insecta,216,99,Coccidae,6963.0,Kilifia,2091496.0,Animalia,1,EXACT,,Hemiptera,809,Arthropoda,54,SPECIES,"Kilifia acuminata (Signoret, 1873)",Kilifia acuminata,5163553.0,ACCEPTED,False,5163553,Kilifia acuminata
Kilifia deltoides,Insecta,216,100,Coccidae,6963.0,Kilifia,2091496.0,Animalia,1,EXACT,,Hemiptera,809,Arthropoda,54,SPECIES,"Kilifia deltoides De Lotto, 1965",Kilifia deltoides,5163561.0,ACCEPTED,False,5163561,Kilifia deltoides
Aleurothrixus floccosus,Insecta,216,100,Aleyrodidae,4304.0,Aleurothrixus,2012135.0,Animalia,1,EXACT,,Hemiptera,809,Arthropoda,54,SPECIES,"Aleurothrixus floccosus (Maskell, 1896)",Aleurothrixus floccosus,2012137.0,ACCEPTED,False,2012137,Aleurothrixus floccosus
Parlatoria pergandii,Insecta,216,99,Diaspididae,4521.0,Parlatoria,2085650.0,Animalia,1,EXACT,,Hemiptera,809,Arthropoda,54,SPECIES,"Parlatoria pergandii Comstock, 1881",Parlatoria pergandii,5162255.0,ACCEPTED,False,5162255,Parlatoria pergandii
Neotermes connexus,Insecta,216,100,Kalotermitidae,4353.0,Neotermes,2007329.0,Animalia,1,EXACT,,Isoptera,999,Arthropoda,54,SPECIES,"Neotermes connexus Snyder, 1922",Neotermes connexus,2007333.0,ACCEPTED,False,2007333,Neotermes connexus
Dudua aprobola,Insecta,216,100,Tortricidae,5343.0,Dudua,1740814.0,Animalia,1,EXACT,,Lepidoptera,797,Arthropoda,54,SPECIES,"Dudua aprobola Meyrick, 1886",Dudua aprobola,1740828.0,ACCEPTED,False,1740828,Dudua aprobola
Anua tongaensis,Insecta,216,100,Noctuidae,7015.0,Anua,1779462.0,Animalia,1,EXACT,,Lepidoptera,797,Arthropoda,54,SPECIES,"Anua tongaensis Hampson, 1913",Anua tongaensis,1779563.0,ACCEPTED,False,1779563,Anua tongaensis
Strepsicrates ejectana,Insecta,216,100,Tortricidae,5343.0,Strepsicrates,1743318.0,Animalia,1,EXACT,,Lepidoptera,797,Arthropoda,54,SPECIES,"Strepsicrates ejectana Walker, 1863",Strepsicrates ejectana,1743319.0,ACCEPTED,False,1743319,Strepsicrates ejectana
Erythrina variegata,Magnoliopsida,220,100,Fabaceae,5386.0,Erythrina,2945830.0,Plantae,6,EXACT,,Fabales,1370,Tracheophyta,7707728,SPECIES,Erythrina variegata L.,Erythrina variegata,5349581.0,ACCEPTED,False,5349581,Erythrina variegata
Saissetia miranda,Insecta,216,99,Coccidae,6963.0,Saissetia,2091083.0,Animalia,1,EXACT,,Hemiptera,809,Arthropoda,54,SPECIES,"Saissetia miranda (Cockerell & Parrott in Cockerell, 1899)",Saissetia miranda,8259259.0,ACCEPTED,False,8259259,Saissetia miranda
Agathodes ostentalis,Insecta,216,100,Crambidae,8841.0,Agathodes,1883459.0,Animalia,1,EXACT,,Lepidoptera,797,Arthropoda,54,SPECIES,"Agathodes ostentalis Geyer, 1837",Agathodes ostentalis,5127097.0,ACCEPTED,False,5127097,Agathodes ostentalis
Casuarina equisetifolia,Magnoliopsida,220,99,Casuarinaceae,5352.0,Casuarina,2891925.0,Plantae,6,EXACT,,Fagales,1354,Tracheophyta,7707728,SPECIES,Casuarina equisetifolia L.,Casuarina equisetifolia,2891930.0,ACCEPTED,False,2891930,Casuarina equisetifolia
Artocarpus heterophyllus,Magnoliopsida,220,100,Moraceae,6640.0,Artocarpus,2984563.0,Plantae,6,EXACT,,Rosales,691,Tracheophyta,7707728,SPECIES,Artocarpus heterophyllus Lam.,Artocarpus heterophyllus,2984565.0,ACCEPTED,False,2984565,Artocarpus heterophyllus
Calophyllum inophyllum,Magnoliopsida,220,99,Calophyllaceae,4907584.0,Calophyllum,3189443.0,Plantae,6,EXACT,,Malpighiales,1414,Tracheophyta,7707728,SPECIES,Calophyllum inophyllum L.,Calophyllum inophyllum,5421065.0,ACCEPTED,False,5421065,Calophyllum inophyllum
Citrus,Magnoliopsida,220,97,Rutaceae,2396.0,Citrus,3190155.0,Plantae,6,EXACT,,Sapindales,933,Tracheophyta,7707728,GENUS,Citrus L.,,,ACCEPTED,False,3190155,Citrus
Eotetranychus cendanai,Arachnida,367,100,Tetranychidae,6057.0,Eotetranychus,2129731.0,Animalia,1,EXACT,,Prostigmata,372,Arthropoda,54,SPECIES,"Eotetranychus cendanai Rimando, 1962",Eotetranychus cendanai,2129742.0,ACCEPTED,False,2129742,Eotetranychus cendanai
Daealus,Insecta,216,96,Curculionidae,4239.0,Daealus,4745629.0,Animalia,1,EXACT,,Coleoptera,1470,Arthropoda,54,GENUS,"Daealus Zimmerman, 1942",,,DOUBTFUL,False,4745629,Daealus
Protaetia fusca,Insecta,216,100,Cetoniidae,4204.0,Protaetia,1080110.0,Animalia,1,EXACT,,Coleoptera,1470,Arthropoda,54,SPECIES,"Protaetia fusca (Herbst, 1790)",Protaetia fusca,1080274.0,ACCEPTED,False,1080274,Protaetia fusca
Chrysobothris,Insecta,216,95,Buprestidae,3789.0,Chrysobothris,4990909.0,Animalia,1,HIGHERRANK,,Coleoptera,1470,Arthropoda,54,GENUS,"Chrysobothris Eschscholtz, 1829",,,ACCEPTED,False,4990909,Chrysobothris costata
Agrilus,Insecta,216,95,Buprestidae,3789.0,Agrilus,1049531.0,Animalia,1,HIGHERRANK,,Coleoptera,1470,Arthropoda,54,GENUS,"Agrilus Curtis, 1825",,,ACCEPTED,False,1049531,Agrilus occipitalis
Unaspis citri,Insecta,216,99,Diaspididae,4521.0,Unaspis,2088426.0,Animalia,1,EXACT,,Hemiptera,809,Arthropoda,54,SPECIES,"Unaspis citri (Comstock, 1883)",Unaspis citri,7911763.0,ACCEPTED,False,7911763,Unaspis citri
Aphis,Insecta,216,95,Aphididae,3042.0,Aphis,8643682.0,Animalia,1,HIGHERRANK,,Hemiptera,809,Arthropoda,54,GENUS,"Aphis Linnaeus, 1758",,,ACCEPTED,False,8643682,Aphis citricola
Aleurocanthus spiniferus,Insecta,216,100,Aleyrodidae,4304.0,Aleurocanthus,2012156.0,Animalia,1,EXACT,,Hemiptera,809,Arthropoda,54,SPECIES,"Aleurocanthus spiniferus (Quaintance, 1903)",Aleurocanthus spiniferus,2012158.0,ACCEPTED,False,2012158,Aleurocanthus spiniferus
Dialeurodes citrifolii,Insecta,216,99,Aleyrodidae,4304.0,Singhiella,3265615.0,Animalia,1,EXACT,,Hemiptera,809,Arthropoda,54,SPECIES,"Dialeurodes citrifolii (Morgan, 1893)",Singhiella citrifolii,7731255.0,SYNONYM,True,2012141,Dialeurodes citrifolii
Parlatoria zizyphus,Insecta,216,99,Diaspididae,4521.0,Parlatoria,2085650.0,Animalia,1,EXACT,,Hemiptera,809,Arthropoda,54,SPECIES,"Parlatoria zizyphus Cockerell, 1900",Parlatoria ziziphi,8416592.0,SYNONYM,True,5162278,Parlatoria zizyphus
Lepidosaphes gloverii,Insecta,216,99,Diaspididae,4521.0,Lepidosaphes,2088966.0,Animalia,1,EXACT,,Hemiptera,809,Arthropoda,54,SPECIES,"Lepidosaphes gloverii (Packard, 1869)",Lepidosaphes gloverii,8215075.0,ACCEPTED,False,8215075,Lepidosaphes gloverii
Pseudococcus citriculus,Insecta,216,99,Pseudococcidae,4534.0,Pseudococcus,2081087.0,Animalia,1,EXACT,,Hemiptera,809,Arthropoda,54,SPECIES,"Pseudococcus citriculus Green, 1922",Pseudococcus cryptus,2095244.0,SYNONYM,True,2095245,Pseudococcus citriculus
Abgrallaspis palmae,Insecta,216,98,Diaspididae,4521.0,Hemiberlesia,2083865.0,Animalia,1,EXACT,2 synonym homonyms,Hemiptera,809,Arthropoda,54,SPECIES,"Abgrallaspis palmae Balachowsky, 1948",Hemiberlesia palmae,2083914.0,SYNONYM,True,2083915,Abgrallaspis palmae
Parlatoria cinerea,Insecta,216,100,Diaspididae,4521.0,Parlatoria,2085650.0,Animalia,1,EXACT,,Hemiptera,809,Arthropoda,54,SPECIES,"Parlatoria cinerea Hadden in Doane & Hadden, 1909",Parlatoria cinerea,5162198.0,ACCEPTED,False,5162198,Parlatoria cinerea
Adoxophyes fasciculana,Insecta,216,100,Tortricidae,5343.0,Adoxophyes,1740434.0,Animalia,1,EXACT,,Lepidoptera,797,Arthropoda,54,SPECIES,"Adoxophyes fasciculana Walker, 1866",Adoxophyes fasciculana,1740443.0,ACCEPTED,False,1740443,Adoxophyes fasciculana
Cryptophlebia peltastica,Insecta,216,100,Tortricidae,5343.0,Cryptophlebia,1736951.0,Animalia,1,EXACT,,Lepidoptera,797,Arthropoda,54,SPECIES,"Cryptophlebia peltastica Meyrick, 1921",Cryptophlebia peltastica,1736963.0,ACCEPTED,False,1736963,Cryptophlebia peltastica
Phyllocnistis citrella,Insecta,216,100,Gracillariidae,5487.0,Phyllocnistis,8057237.0,Animalia,1,EXACT,,Lepidoptera,797,Arthropoda,54,SPECIES,"Phyllocnistis citrella Stainton, 1856",Phyllocnistis citrella,1749580.0,ACCEPTED,False,1749580,Phyllocnistis citrella
Papilio polytes,Insecta,216,100,Papilionidae,9417.0,Papilio,1920784.0,Animalia,1,EXACT,,Lepidoptera,797,Arthropoda,54,SPECIES,"Papilio polytes Linnaeus, 1758",Papilio polytes,1938088.0,ACCEPTED,False,1938088,Papilio polytes
Prays citri,Insecta,216,100,Yponomeutidae,8874.0,Prays,1830808.0,Animalia,1,EXACT,,Lepidoptera,797,Arthropoda,54,SPECIES,"Prays citri Millière, 1873",Prays citri,1830823.0,ACCEPTED,False,1830823,Prays citri
Zea mays,Liliopsida,196,100,Poaceae,3073.0,Zea,2705049.0,Plantae,6,EXACT,,Poales,1369,Tracheophyta,7707728,SPECIES,Zea mays L.,Zea mays,5290052.0,ACCEPTED,False,5290052,Zea mays
Phyllophaga,Insecta,216,95,Melolonthidae,5593.0,Phyllophaga,1061346.0,Animalia,1,HIGHERRANK,,Coleoptera,1470,Arthropoda,54,GENUS,"Phyllophaga Harris, 1827",,,ACCEPTED,False,1061346,Phyllophaga bipunctata
Sitophilus oryzae,Insecta,216,97,Dryophthoridae,8494.0,Sitophilus,1170172.0,Animalia,1,EXACT,2 synonym homonyms,Coleoptera,1470,Arthropoda,54,SPECIES,"Sitophilus oryzae Hustache, A., 1930",Sitophilus oryzae,1170177.0,DOUBTFUL,False,1170177,Sitophilus oryzae
Pseudonapomyza spicata,Insecta,216,100,Agromyzidae,3329.0,Pseudonapomyza,1553858.0,Animalia,1,EXACT,,Diptera,811,Arthropoda,54,SPECIES,"Pseudonapomyza spicata (Malloch, 1914)",Pseudonapomyza spicata,1553913.0,ACCEPTED,False,1553913,Pseudonapomyza spicata
Creontiades pallidifer,Insecta,216,99,Miridae,4319.0,Creontiades,2011499.0,Animalia,1,EXACT,,Hemiptera,809,Arthropoda,54,SPECIES,"Creontiades pallidifer (Walker, 1873)",Creontiades pacificus,5866589.0,SYNONYM,True,4776870,Creontiades pallidifer
Saccharicoccus sacchari,Insecta,216,99,Pseudococcidae,4534.0,Saccharicoccus,2092999.0,Animalia,1,EXACT,,Hemiptera,809,Arthropoda,54,SPECIES,"Saccharicoccus sacchari (Cockerell, 1895)",Saccharicoccus sacchari,2093000.0,ACCEPTED,False,2093000,Saccharicoccus sacchari
Peregrinus maidis,Insecta,216,100,Delphacidae,8498.0,Peregrinus,2054015.0,Animalia,1,EXACT,,Hemiptera,809,Arthropoda,54,SPECIES,"Peregrinus maidis (Ashmead, 1890)",Peregrinus maidis,5156453.0,ACCEPTED,False,5156453,Peregrinus maidis
Rhopalosiphum maidis,Insecta,216,100,Aphididae,3042.0,Rhopalosiphum,2069512.0,Animalia,1,EXACT,,Hemiptera,809,Arthropoda,54,SPECIES,"Rhopalosiphum maidis (Fitch, 1856)",Rhopalosiphum maidis,2069572.0,ACCEPTED,False,2069572,Rhopalosiphum maidis
Cicadulina bipunctatus,Insecta,216,95,Cicadellidae,9647.0,Cicadulina,2025559.0,Animalia,1,FUZZY,,Hemiptera,809,Arthropoda,54,SPECIES,"Cicadulina bipunctatus (Melichar, 1904)",Cicadulina bipunctatus,5812849.0,ACCEPTED,False,5812849,Cicadulina bipunctella
Marasmia,Insecta,216,94,Crambidae,8841.0,Marasmia,4687217.0,Animalia,1,HIGHERRANK,,Lepidoptera,797,Arthropoda,54,GENUS,"Marasmia Lederer, 1863",,,DOUBTFUL,False,4687217,Marasmia trapezalis
Melanitis leda,Insecta,216,100,Nymphalidae,7017.0,Melanitis,1895908.0,Animalia,1,EXACT,,Lepidoptera,797,Arthropoda,54,SPECIES,"Melanitis leda Linnaeus, 1758",Melanitis leda,1895956.0,ACCEPTED,False,1895956,Melanitis leda
Conocephalus longipennis,Insecta,216,99,Tettigoniidae,3991.0,Conocephalus,1682933.0,Animalia,1,EXACT,,Orthoptera,1458,Arthropoda,54,SPECIES,"Conocephalus longipennis (Haan, 1842)",Conocephalus longipennis,5096018.0,ACCEPTED,False,5096018,Conocephalus longipennis
Oxya japonica,Insecta,216,100,Acrididae,9394.0,Oxya,1700877.0,Animalia,1,EXACT,,Orthoptera,1458,Arthropoda,54,SPECIES,"Oxya japonica (Thunberg, 1815)",Oxya japonica,1700933.0,ACCEPTED,False,1700933,Oxya japonica
Locusta migratoria,Insecta,216,100,Acrididae,9394.0,Locusta,1687259.0,Animalia,1,HIGHERRANK,,Orthoptera,1458,Arthropoda,54,SPECIES,"Locusta migratoria (Linnaeus, C.N., 1758)",Locusta migratoria,1713418.0,ACCEPTED,False,1713418,Locusta migratoria manilensis
Aiolopus thalassinus dubius,Insecta,216,91,Acrididae,9394.0,Aiolopus,1713296.0,Animalia,1,EXACT,,Orthoptera,1458,Arthropoda,54,SUBSPECIES,"Aiolopus thalassinus subsp. dubius Willemse, 1923",Aiolopus thalassinus,1713317.0,ACCEPTED,False,6255622,Aiolopus thalassinus dubius
Oxya hyla,Insecta,216,99,Acrididae,9394.0,Oxya,1700877.0,Animalia,1,EXACT,,Orthoptera,1458,Arthropoda,54,SPECIES,"Oxya hyla Serville, 1831",Oxya hyla,1700953.0,ACCEPTED,False,1700953,Oxya hyla
Mangifera indica,Magnoliopsida,220,99,Anacardiaceae,2398.0,Mangifera,3075453.0,Plantae,6,EXACT,,Sapindales,933,Tracheophyta,7707728,SPECIES,Mangifera indica L.,Mangifera indica,3190638.0,ACCEPTED,False,3190638,Mangifera indica
Rhyparida,Insecta,216,96,Chrysomelidae,7780.0,Rhyparida,3259981.0,Animalia,1,HIGHERRANK,,Coleoptera,1470,Arthropoda,54,GENUS,"Rhyparida Baly, 1861",,,ACCEPTED,False,3259981,Rhyparida carolina
Sternochetus mangiferae,Insecta,216,100,Curculionidae,4239.0,Sternochetus,1225911.0,Animalia,1,EXACT,,Coleoptera,1470,Arthropoda,54,SPECIES,"Sternochetus mangiferae (Fabricius, 1775)",Sternochetus mangiferae,4292415.0,ACCEPTED,False,4292415,Sternochetus mangiferae
Cryptorhynchus mangiferae,Insecta,216,98,Curculionidae,4239.0,Cryptorhynchus,1194049.0,Animalia,1,EXACT,,Coleoptera,1470,Arthropoda,54,SPECIES,Cryptorhynchus mangiferae Dejean,Cryptorhynchus mangiferae,1194073.0,DOUBTFUL,False,1194073,Cryptorhynchus mangiferae
Semelaspidus mangiferae,Insecta,216,100,Diaspididae,4521.0,Semelaspidus,2082706.0,Animalia,1,EXACT,,Hemiptera,809,Arthropoda,54,SPECIES,"Semelaspidus mangiferae Takahashi, 1939",Semelaspidus mangiferae,2082707.0,ACCEPTED,False,2082707,Semelaspidus mangiferae
Pinnaspis,Insecta,216,97,Diaspididae,4521.0,Pinnaspis,2086145.0,Animalia,1,EXACT,,Hemiptera,809,Arthropoda,54,GENUS,"Pinnaspis Cockerell, 1892",,,ACCEPTED,False,2086145,Pinnaspis
Melanaspis bromeliae,Insecta,216,98,Diaspididae,4521.0,Melanaspis,2083167.0,Animalia,1,EXACT,2 synonym homonyms,Hemiptera,809,Arthropoda,54,SPECIES,"Melanaspis bromeliae Dekle, 1976",Melanaspis bromiliae,7450112.0,SYNONYM,True,2083317,Melanaspis bromeliae
Radionaspis indica,Insecta,216,99,Diaspididae,4521.0,Radionaspis,2087763.0,Animalia,1,EXACT,,Hemiptera,809,Arthropoda,54,SPECIES,"Radionaspis indica (Marlatt, 1908)",Radionaspis indica,8302527.0,ACCEPTED,False,8302527,Radionaspis indica
Penicillaria jocosatrix,Insecta,216,100,Noctuidae,7015.0,Penicillaria,1785187.0,Animalia,1,EXACT,,Lepidoptera,797,Arthropoda,54,SPECIES,"Penicillaria jocosatrix Guenée, 1852",Penicillaria jocosatrix,5112440.0,ACCEPTED,False,5112440,Penicillaria jocosatrix
Anisodes illepidaria,Insecta,216,100,Geometridae,6950.0,Anisodes,1966371.0,Animalia,1,EXACT,,Lepidoptera,797,Arthropoda,54,SPECIES,"Anisodes illepidaria Guenée, 1858",Anisodes illepidaria,1966736.0,ACCEPTED,False,1966736,Anisodes illepidaria
Eugenia malaccensis,Magnoliopsida,220,99,Myrtaceae,5014.0,Eugenia,3177662.0,Plantae,6,EXACT,,Myrtales,690,Tracheophyta,7707728,SPECIES,Eugenia malaccensis Reinw. ex Blume,Eugenia malaccensis,7907394.0,ACCEPTED,False,7907394,Eugenia malaccensis
Dacus ochrosiae,Insecta,216,99,Tephritidae,3520.0,Bactrocera,1626510.0,Animalia,1,EXACT,,Diptera,811,Arthropoda,54,SPECIES,"Dacus ochrosiae Malloch, 1942",Bactrocera ochrosiae,8353826.0,SYNONYM,True,1626713,Dacus ochrosiae
Trioza vitiensis,Insecta,216,100,Triozidae,7631.0,Trioza,2014543.0,Animalia,1,EXACT,,Hemiptera,809,Arthropoda,54,SPECIES,"Trioza vitiensis (Kirkaldy, 1907)",Trioza vitiensis,5153672.0,ACCEPTED,False,5153672,Trioza vitiensis
Abelmoschus esculentus,Magnoliopsida,220,100,Malvaceae,6685.0,Abelmoschus,8183892.0,Plantae,6,EXACT,,Malvales,941,Tracheophyta,7707728,SPECIES,Abelmoschus esculentus (L.) Moench,Abelmoschus esculentus,3152707.0,ACCEPTED,False,3152707,Abelmoschus esculentus
Mesohomotoma hibisci,Insecta,216,100,Carsidaridae,3310.0,Mesohomotoma,2014511.0,Animalia,1,EXACT,,Hemiptera,809,Arthropoda,54,SPECIES,"Mesohomotoma hibisci (Froggatt, 1901)",Mesohomotoma hibisci,2014517.0,ACCEPTED,False,2014517,Mesohomotoma hibisci
Anomis flava,Insecta,216,100,Noctuidae,7015.0,Anomis,1784925.0,Animalia,1,EXACT,,Lepidoptera,797,Arthropoda,54,SPECIES,"Anomis flava Fabricius, 1775",Anomis flava,1785072.0,ACCEPTED,False,1785072,Anomis flava
Earias vitella,Insecta,216,100,Nolidae,9717.0,Earias,1802997.0,Animalia,1,EXACT,,Lepidoptera,797,Arthropoda,54,SPECIES,"Earias vitella Sherborn, 1902",Earias vitella,1803059.0,ACCEPTED,False,1803059,Earias vitella
Allium cepa,Liliopsida,196,100,Amaryllidaceae,7682.0,Allium,2771359.0,Plantae,6,EXACT,,Asparagales,1169,Tracheophyta,7707728,SPECIES,Allium cepa L.,Allium cepa,2857697.0,ACCEPTED,False,2857697,Allium cepa
Atractomorpha psittacina,Insecta,216,100,Pyrgomorphidae,5928.0,Atractomorpha,1727987.0,Animalia,1,EXACT,,Orthoptera,1458,Arthropoda,54,SPECIES,"Atractomorpha psittacina (Haan, 1842)",Atractomorpha psittacina,5101013.0,ACCEPTED,False,5101013,Atractomorpha psittacina
Carica papaya,Magnoliopsida,220,100,Caricaceae,6636.0,Carica,2874482.0,Plantae,6,EXACT,,Brassicales,7225535,Tracheophyta,7707728,SPECIES,Carica papaya L.,Carica papaya,2874484.0,ACCEPTED,False,2874484,Carica papaya
Euphranta lemniscata,Insecta,216,100,Tephritidae,3520.0,Euphranta,1621881.0,Animalia,1,EXACT,,Diptera,811,Arthropoda,54,SPECIES,"Euphranta lemniscata (Enderlein, 1911)",Euphranta lemniscata,1621932.0,ACCEPTED,False,1621932,Euphranta lemniscata
Hendelina bisecta,Insecta,216,99,Tephritidae,3520.0,Philophylla,1622281.0,Animalia,1,EXACT,,Diptera,811,Arthropoda,54,SPECIES,"Hendelina bisecta Hardy & Adachi, 1956",Philophylla bisecta,1622294.0,SYNONYM,True,1622295,Hendelina bisecta
Fulvius angustatus,Insecta,216,100,Miridae,4319.0,Fulvius,2009917.0,Animalia,1,EXACT,,Hemiptera,809,Arthropoda,54,SPECIES,"Fulvius angustatus Usinger, 1946",Fulvius angustatus,7411079.0,ACCEPTED,False,7411079,Fulvius angustatus
Ananas comosus,Liliopsida,196,100,Bromeliaceae,3740.0,Ananas,2699430.0,Plantae,6,EXACT,,Poales,1369,Tracheophyta,7707728,SPECIES,Ananas comosus (L.) Merr.,Ananas comosus,5288819.0,ACCEPTED,False,5288819,Ananas comosus
Diaspis bromeliae,Insecta,216,99,Diaspididae,4521.0,Diaspis,2087402.0,Animalia,1,EXACT,,Hemiptera,809,Arthropoda,54,SPECIES,"Diaspis bromeliae (Kerner, 1778)",Diaspis bromeliae,8075301.0,ACCEPTED,False,8075301,Diaspis bromeliae
Teleogryllus oceanicus,Insecta,216,100,Gryllidae,5925.0,Teleogryllus,1723420.0,Animalia,1,EXACT,,Orthoptera,1458,Arthropoda,54,SPECIES,"Teleogryllus oceanicus (Le Guillou, 1841)",Teleogryllus oceanicus,1723426.0,ACCEPTED,False,1723426,Teleogryllus oceanicus
Punica granatum,Magnoliopsida,220,100,Lythraceae,6684.0,Punica,3188663.0,Plantae,6,EXACT,,Myrtales,690,Tracheophyta,7707728,SPECIES,Punica granatum L.,Punica granatum,5420901.0,ACCEPTED,False,5420901,Punica granatum
Solanum tuberosum,Magnoliopsida,220,99,Solanaceae,7717.0,Solanum,2928997.0,Plantae,6,EXACT,,Solanales,1176,Tracheophyta,7707728,SPECIES,Solanum tuberosum L.,Solanum tuberosum,2930262.0,ACCEPTED,False,2930262,Solanum tuberosum
Raphanus sativus,Magnoliopsida,220,99,Brassicaceae,3112.0,Raphanus,3040962.0,Plantae,6,EXACT,,Brassicales,7225535,Tracheophyta,7707728,SPECIES,Raphanus sativus L.,Raphanus sativus,7678610.0,ACCEPTED,False,7678610,Raphanus sativus
Capsicum,Magnoliopsida,220,97,Solanaceae,7717.0,Capsicum,2932937.0,Plantae,6,EXACT,,Solanales,1176,Tracheophyta,7707728,GENUS,Capsicum L.,,,ACCEPTED,False,2932937,Capsicum
Chloriona,Insecta,216,96,Delphacidae,8498.0,Chloriona,2054377.0,Animalia,1,HIGHERRANK,,Hemiptera,809,Arthropoda,54,GENUS,"Chloriona Fieber, 1866",,,ACCEPTED,False,2054377,Chloriona formosella
Oryza sativa,Liliopsida,196,99,Poaceae,3073.0,Oryza,2703455.0,Plantae,6,EXACT,,Poales,1369,Tracheophyta,7707728,SPECIES,Oryza sativa L.,Oryza sativa,2703459.0,ACCEPTED,False,2703459,Oryza sativa
Leptocorisa acuta,Insecta,216,88,Alydidae,7875.0,Leptocorisa,4391705.0,Animalia,1,FUZZY,,Hemiptera,809,Arthropoda,54,SPECIES,"Leptocorisa acuta (Thunberg, 1783)",Leptocorisa acuta,4391707.0,ACCEPTED,False,4391707,Leptocorixa acuta
Sogatella furcifera,Insecta,216,100,Delphacidae,8498.0,Sogatella,2055863.0,Animalia,1,EXACT,,Hemiptera,809,Arthropoda,54,SPECIES,"Sogatella furcifera (Horváth, 1899)",Sogatella furcifera,4777382.0,ACCEPTED,False,4777382,Sogatella furcifera
Nephotettix apicalis,Insecta,216,100,Cicadellidae,9647.0,Nephotettix,2029376.0,Animalia,1,EXACT,,Hemiptera,809,Arthropoda,54,SPECIES,"Nephotettix apicalis (Motschulsky, 1859)",Nephotettix apicalis,4290058.0,ACCEPTED,False,4290058,Nephotettix apicalis
Nilaparvata lugens,Insecta,216,100,Delphacidae,8498.0,Nilaparvata,2056616.0,Animalia,1,EXACT,,Hemiptera,809,Arthropoda,54,SPECIES,"Nilaparvata lugens (Stål, 1854)",Nilaparvata lugens,2056628.0,ACCEPTED,False,2056628,Nilaparvata lugens
Orthotylellus pallescens,Insecta,216,99,Miridae,4319.0,Sthenaridea,2010229.0,Animalia,1,EXACT,,Hemiptera,809,Arthropoda,54,SPECIES,"Orthotylellus pallescens Usinger, 1946",Sthenaridea rufescens,4776488.0,SYNONYM,True,4776492,Orthotylellus pallescens
Proboscidocoris malayus,Insecta,216,100,Miridae,4319.0,Proboscidocoris,4776724.0,Animalia,1,EXACT,,Hemiptera,809,Arthropoda,54,SPECIES,"Proboscidocoris malayus Reuter, 1908",Proboscidocoris malayus,6130202.0,ACCEPTED,False,6130202,Proboscidocoris malayus
Grammodes geometrica,Insecta,216,80,Noctuidae,7015.0,Grammodes,1786955.0,Animalia,1,FUZZY,,Lepidoptera,797,Arthropoda,54,SPECIES,"Grammodes geometrica Fabricius, 1775",Grammodes geometrica,1787009.0,ACCEPTED,False,1787009,Grammarodes geometrica
Nymphula,Insecta,216,96,Crambidae,8841.0,Nymphula,1884090.0,Animalia,1,HIGHERRANK,,Lepidoptera,797,Arthropoda,54,GENUS,"Nymphula Schrank, 1802",,,ACCEPTED,False,1884090,Nymphula fluctuosalis
Mythimna,Insecta,216,95,Noctuidae,7015.0,Mythimna,1767644.0,Animalia,1,HIGHERRANK,,Lepidoptera,797,Arthropoda,54,GENUS,"Mythimna Ochsenheimer, 1816",,,ACCEPTED,False,1767644,Mythimna loreyi
Susumia,Insecta,216,94,,,Susumia,4688458.0,Animalia,1,HIGHERRANK,,Lepidoptera,797,Arthropoda,54,GENUS,"Susumia Marumo, 1930",,,DOUBTFUL,False,4688458,Susumia exigua
Euconocephalus nasutus,Insecta,216,100,Tettigoniidae,3991.0,Euconocephalus,1689406.0,Animalia,1,EXACT,,Orthoptera,1458,Arthropoda,54,SPECIES,"Euconocephalus nasutus (Thunberg, 1815)",Euconocephalus nasutus,1689407.0,ACCEPTED,False,1689407,Euconocephalus nasutus
Bolacidothrips,Insecta,216,94,Thripidae,4387.0,Bolacidothrips,4799778.0,Animalia,1,HIGHERRANK,,Thysanoptera,1228,Arthropoda,54,GENUS,"Bolacidothrips Priesner, 1930",,,DOUBTFUL,False,4799778,Bolacidothrips orizae
Rosa,Magnoliopsida,220,97,Rosaceae,5015.0,Rosa,8395064.0,Plantae,6,EXACT,,Rosales,691,Tracheophyta,7707728,GENUS,Rosa L.,,,ACCEPTED,False,8395064,Rosa
Pandanus,Liliopsida,196,97,Pandanaceae,3737.0,Pandanus,8404076.0,Plantae,6,EXACT,,Pandanales,554,Tracheophyta,7707728,GENUS,Pandanus Parkinson,,,ACCEPTED,False,8404076,Pandanus
Oxycephala,Insecta,216,95,Chrysomelidae,7780.0,Oxycephala,3262827.0,Animalia,1,HIGHERRANK,,Coleoptera,1470,Arthropoda,54,GENUS,"Oxycephala Guérin in Duperry, 1838",,,ACCEPTED,False,3262827,Oxycephala pandani
Oxycephala,Insecta,216,95,Chrysomelidae,7780.0,Oxycephala,3262827.0,Animalia,1,HIGHERRANK,,Coleoptera,1470,Arthropoda,54,GENUS,"Oxycephala Guérin in Duperry, 1838",,,ACCEPTED,False,3262827,Oxycephala spaethi
Laminicoccus pandani,Insecta,216,99,Pseudococcidae,4534.0,Laminicoccus,2094713.0,Animalia,1,EXACT,,Hemiptera,809,Arthropoda,54,SPECIES,"Laminicoccus pandani (Cockerell, 1895)",Laminicoccus pandani,2094721.0,ACCEPTED,False,2094721,Laminicoccus pandani
Turbinococcus pandanicola,Insecta,216,99,Pseudococcidae,4534.0,Turbinococcus,2095025.0,Animalia,1,EXACT,,Hemiptera,809,Arthropoda,54,SPECIES,"Turbinococcus pandanicola (Takahashi, 1941)",Turbinococcus pandanicola,2095026.0,ACCEPTED,False,2095026,Turbinococcus pandanicola
Myndus irreptor,Insecta,216,100,Cixiidae,8470.0,Myndus,2058165.0,Animalia,1,EXACT,,Hemiptera,809,Arthropoda,54,SPECIES,"Myndus irreptor Fennah, 1956",Myndus irreptor,7666701.0,ACCEPTED,False,7666701,Myndus irreptor
Myndus palawanensis,Insecta,216,100,Cixiidae,8470.0,Myndus,2058165.0,Animalia,1,EXACT,,Hemiptera,809,Arthropoda,54,SPECIES,"Myndus palawanensis Muir, 1923",Myndus palawanensis,2058206.0,ACCEPTED,False,2058206,Myndus palawanensis
Swezeyaria viridana,Insecta,216,100,Tropiduchidae,2232.0,Swezeyaria,2061070.0,Animalia,1,EXACT,,Hemiptera,809,Arthropoda,54,SPECIES,"Swezeyaria viridana Metcalf, 1946",Swezeyaria viridana,2061071.0,ACCEPTED,False,2061071,Swezeyaria viridana
Capelopterum punctatellum,Insecta,216,99,Nogodinidae,2233.0,Scalabis,2051230.0,Animalia,1,EXACT,,Hemiptera,809,Arthropoda,54,SPECIES,"Capelopterum punctatellum Melichar, 1906",Scalabis punctatella,2051239.0,SYNONYM,True,2051240,Capelopterum punctatellum
Neosimmondsia esakii,Insecta,216,100,Pseudococcidae,4534.0,Neosimmondsia,2093386.0,Animalia,1,EXACT,,Hemiptera,809,Arthropoda,54,SPECIES,"Neosimmondsia esakii Takahashi, 1939",Neosimmondsia esakii,2093388.0,ACCEPTED,False,2093388,Neosimmondsia esakii
Myndus bifurcata,Insecta,216,97,Cixiidae,8470.0,Myndus,2058165.0,Animalia,1,FUZZY,,Hemiptera,809,Arthropoda,54,SPECIES,"Myndus bifurcata Metcalf, 1946",Myndus bifurcata,2058188.0,ACCEPTED,False,2058188,Myndus bifurcatus
Paralecanium carolinensis,Insecta,216,100,Coccidae,6963.0,Paralecanium,2091272.0,Animalia,1,EXACT,,Hemiptera,809,Arthropoda,54,SPECIES,"Paralecanium carolinensis Beardsley, 1966",Paralecanium carolinensis,2091316.0,ACCEPTED,False,2091316,Paralecanium carolinensis
Pandanicola pandani,Insecta,216,99,Pseudococcidae,4534.0,Pandanicola,2093279.0,Animalia,1,EXACT,,Hemiptera,809,Arthropoda,54,SPECIES,"Pandanicola pandani (Takahashi, 1939)",Pandanicola pandani,8303652.0,ACCEPTED,False,8303652,Pandanicola pandani
Nesorhamma chalcas,Insecta,216,100,Derbidae,4247.0,Nesorhamma,2061608.0,Animalia,1,EXACT,,Hemiptera,809,Arthropoda,54,SPECIES,"Nesorhamma chalcas Fennah, 1956",Nesorhamma chalcas,2061609.0,ACCEPTED,False,2061609,Nesorhamma chalcas
Myndus dibaphus,Insecta,216,100,Cixiidae,8470.0,Myndus,2058165.0,Animalia,1,EXACT,,Hemiptera,809,Arthropoda,54,SPECIES,"Myndus dibaphus Fennah, 1956",Myndus dibaphus,7532763.0,ACCEPTED,False,7532763,Myndus dibaphus
Pseudococcus pandanicola,Insecta,216,99,Pseudococcidae,4534.0,Laminicoccus,2094713.0,Animalia,1,EXACT,,Hemiptera,809,Arthropoda,54,SPECIES,"Pseudococcus pandanicola Takahashi, 1939",Laminicoccus pandanicola,2094719.0,SYNONYM,True,2094720,Pseudococcus pandanicola
Batracomorphus atrifrons,Insecta,216,88,Cicadellidae,9647.0,Batracomorphus,2040599.0,Animalia,1,FUZZY,,Hemiptera,809,Arthropoda,54,SPECIES,"Batracomorphus atrifrons Metcalf, 1946",Batracomorphus atrifrons,2040930.0,ACCEPTED,False,2040930,Batrachomorphus atrifrons
Pandanicola esakii,Insecta,216,99,Pseudococcidae,4534.0,Pandanicola,2093279.0,Animalia,1,EXACT,,Hemiptera,809,Arthropoda,54,SPECIES,"Pandanicola esakii (Takahashi, 1942)",Pandanicola esakii,7980864.0,ACCEPTED,False,7980864,Pandanicola esakii
Armacia clara,Insecta,216,100,Ricaniidae,5947.0,Armacia,2057559.0,Animalia,1,EXACT,,Hemiptera,809,Arthropoda,54,SPECIES,"Armacia clara (Stål, 1859)",Armacia clara,2057572.0,ACCEPTED,False,2057572,Armacia clara
Trissodoris,Insecta,216,96,Cosmopterigidae,8839.0,Trissodoris,1842650.0,Animalia,1,HIGHERRANK,,Lepidoptera,797,Arthropoda,54,GENUS,"Trissodoris Meyrick, 1914",,,ACCEPTED,False,1842650,Trissodoris guamensis
Megacrania batesii,Insecta,216,100,Phasmatidae,5108.0,Megacrania,1413754.0,Animalia,1,EXACT,,Phasmida,1460,Arthropoda,54,SPECIES,"Megacrania batesii Kirby, 1896",Megacrania batesii,1413767.0,ACCEPTED,False,1413767,Megacrania batesii
Coccoloba,Magnoliopsida,220,97,Polygonaceae,2416.0,Coccoloba,2888822.0,Plantae,6,EXACT,,Caryophyllales,422,Tracheophyta,7707728,GENUS,Coccoloba P. Browne,,,ACCEPTED,False,2888822,Coccoloba
Sorghum bicolor,Liliopsida,196,99,Poaceae,3073.0,Sorghum,2705180.0,Plantae,6,EXACT,,Poales,1369,Tracheophyta,7707728,SPECIES,Sorghum bicolor (L.) Moench,Sorghum bicolor,2705181.0,ACCEPTED,False,2705181,Sorghum bicolor
Dysmicoccus boninsis,Insecta,216,99,Pseudococcidae,4534.0,Dysmicoccus,2092782.0,Animalia,1,EXACT,,Hemiptera,809,Arthropoda,54,SPECIES,"Dysmicoccus boninsis (Kuwana, 1909)",Dysmicoccus boninsis,7969793.0,ACCEPTED,False,7969793,Dysmicoccus boninsis
Neomaskellia bergii,Insecta,216,100,Aleyrodidae,4304.0,Neomaskellia,4771617.0,Animalia,1,EXACT,,Hemiptera,809,Arthropoda,54,SPECIES,"Neomaskellia bergii (Signoret, 1868)",Neomaskellia bergii,4771618.0,ACCEPTED,False,4771618,Neomaskellia bergii
Annona,Magnoliopsida,220,97,Annonaceae,9291.0,Annona,3155252.0,Plantae,6,EXACT,,Magnoliales,718,Tracheophyta,7707728,GENUS,Annona L.,,,ACCEPTED,False,3155252,Annona
Saissetia nigra,Insecta,216,98,Coccidae,6963.0,Parasaissetia,2092092.0,Animalia,1,EXACT,3 synonym homonyms,Hemiptera,809,Arthropoda,54,SPECIES,"Saissetia nigra King, 1902",Parasaissetia nigra,8198400.0,SYNONYM,True,5163868,Saissetia nigra
Kallitaxila crini,Insecta,216,100,Tropiduchidae,2232.0,Kallitaxila,2061196.0,Animalia,1,EXACT,,Hemiptera,809,Arthropoda,54,SPECIES,"Kallitaxila crini (Matsumura, 1914)",Kallitaxila crini,8142925.0,ACCEPTED,False,8142925,Kallitaxila crini
Lepidosaphes palauensis,Insecta,216,100,Diaspididae,4521.0,Lepidosaphes,2088966.0,Animalia,1,EXACT,,Hemiptera,809,Arthropoda,54,SPECIES,"Lepidosaphes palauensis Beardsley, 1966",Lepidosaphes palauensis,2089286.0,ACCEPTED,False,2089286,Lepidosaphes palauensis
Saccharum officinarum,Liliopsida,196,100,Poaceae,3073.0,Saccharum,2703910.0,Plantae,6,EXACT,,Poales,1369,Tracheophyta,7707728,SPECIES,Saccharum officinarum L.,Saccharum officinarum,2703912.0,ACCEPTED,False,2703912,Saccharum officinarum
Anoronotum rufum,Insecta,216,100,Dynastidae,4205.0,Anoronotum,1075691.0,Animalia,1,EXACT,,Coleoptera,1470,Arthropoda,54,SPECIES,"Anoronotum rufum Arrow, 1939",Anoronotum rufum,1075692.0,ACCEPTED,False,1075692,Anoronotum rufum
Gonocephalum,Insecta,216,97,Tenebrionidae,7857.0,Gonocephalum,8021518.0,Animalia,1,EXACT,,Coleoptera,1470,Arthropoda,54,GENUS,"Gonocephalum Chevrolat, 1849",,,ACCEPTED,False,8021518,Gonocephalum
Aspidiella sacchari,Insecta,216,99,Diaspididae,4521.0,Aspidiella,2083405.0,Animalia,1,EXACT,,Hemiptera,809,Arthropoda,54,SPECIES,"Aspidiella sacchari (Cockerell, 1893)",Aspidiella sacchari,2083429.0,ACCEPTED,False,2083429,Aspidiella sacchari
Odonaspis saccharicaulis,Insecta,216,99,Diaspididae,4521.0,Odonaspis,2086528.0,Animalia,1,EXACT,,Hemiptera,809,Arthropoda,54,SPECIES,"Odonaspis saccharicaulis (Zehntner, 1897)",Odonaspis saccharicaulis,7825135.0,ACCEPTED,False,7825135,Odonaspis saccharicaulis
Chanithus gramineus,Insecta,216,99,Dictyopharidae,8499.0,Raivuna,2052552.0,Animalia,1,EXACT,,Hemiptera,809,Arthropoda,54,SPECIES,"Chanithus gramineus (Fabricius, 1803)",Raivuna graminea,2052566.0,SYNONYM,True,2052567,Chanithus gramineus
Ugyops annulipes,Insecta,216,100,Delphacidae,8498.0,Ugyops,2056470.0,Animalia,1,EXACT,,Hemiptera,809,Arthropoda,54,SPECIES,"Ugyops annulipes (Stål, 1854)",Ugyops annulipes,8144750.0,ACCEPTED,False,8144750,Ugyops annulipes
Aulacaspis madiunensis,Insecta,216,99,Diaspididae,4521.0,Aulacaspis,2087546.0,Animalia,1,EXACT,,Hemiptera,809,Arthropoda,54,SPECIES,"Aulacaspis madiunensis (Zehntner, 1898)",Aulacaspis madiunensis,2087713.0,ACCEPTED,False,2087713,Aulacaspis madiunensis
Aulacaspis tegalensis,Insecta,216,99,Diaspididae,4521.0,Aulacaspis,2087546.0,Animalia,1,EXACT,,Hemiptera,809,Arthropoda,54,SPECIES,"Aulacaspis tegalensis (Zehntner, 1898)",Aulacaspis tegalensis,8253812.0,ACCEPTED,False,8253812,Aulacaspis tegalensis
Perkinsiella thompsoni,Insecta,216,100,Delphacidae,8498.0,Perkinsiella,2054545.0,Animalia,1,EXACT,,Hemiptera,809,Arthropoda,54,SPECIES,"Perkinsiella thompsoni Muir, 1913",Perkinsiella thompsoni,5156511.0,ACCEPTED,False,5156511,Perkinsiella thompsoni
Ipomoea batatas,Magnoliopsida,220,99,Convolvulaceae,2389.0,Ipomoea,2928509.0,Plantae,6,EXACT,,Solanales,1176,Tracheophyta,7707728,SPECIES,Ipomoea batatas (L.) Lam.,Ipomoea batatas,2928551.0,ACCEPTED,False,2928551,Ipomoea batatas
Nanyozo,Insecta,216,96,Curculionidae,4239.0,Nanyozo,4744603.0,Animalia,1,HIGHERRANK,,Coleoptera,1470,Arthropoda,54,GENUS,"Nanyozo Kôno, 1942",,,ACCEPTED,False,4744603,Nanyozo viridipictus
Colasposoma,Insecta,216,96,Chrysomelidae,7780.0,Colasposoma,3260090.0,Animalia,1,HIGHERRANK,,Coleoptera,1470,Arthropoda,54,GENUS,"Colasposoma Laporte, 1833",,,ACCEPTED,False,3260090,Colasposoma metallicum
Euscepes postfasciatus,Insecta,216,99,Curculionidae,4239.0,Cryptorhynchus,1194049.0,Animalia,1,EXACT,,Coleoptera,1470,Arthropoda,54,SPECIES,"Euscepes postfasciatus (Fairmaire, 1849)",Cryptorhynchus postfasciatus,1194463.0,SYNONYM,True,4292199,Euscepes postfasciatus
Sphaeropterus,Insecta,216,97,Curculionidae,4239.0,Sphaeropterus,1191527.0,Animalia,1,EXACT,,Coleoptera,1470,Arthropoda,54,GENUS,"Sphaeropterus Guérin-Ménéville in Duperry, 1838",,,ACCEPTED,False,1191527,Sphaeropterus
Cylas formicarius,Insecta,216,100,Brentidae,4238.0,Cylas,1171596.0,Animalia,1,EXACT,,Coleoptera,1470,Arthropoda,54,SPECIES,"Cylas formicarius (Fabricius, 1798)",Cylas formicarius,1171601.0,ACCEPTED,False,1171601,Cylas formicarius
Chaetocnema confinis,Insecta,216,100,Chrysomelidae,7780.0,Chaetocnema,1048170.0,Animalia,1,EXACT,,Coleoptera,1470,Arthropoda,54,SPECIES,"Chaetocnema confinis Crotch, 1873",Chaetocnema confinis,4990564.0,ACCEPTED,False,4990564,Chaetocnema confinis
Metriona,Insecta,216,95,Chrysomelidae,7780.0,Metriona,4732523.0,Animalia,1,HIGHERRANK,,Coleoptera,1470,Arthropoda,54,GENUS,Metriona,,,ACCEPTED,False,4732523,Metriona circumdata
Zanchius fragilis,Insecta,216,100,Miridae,4319.0,Zanchius,4404673.0,Animalia,1,EXACT,,Hemiptera,809,Arthropoda,54,SPECIES,"Zanchius fragilis Usinger, 1946",Zanchius fragilis,7747800.0,ACCEPTED,False,7747800,Zanchius fragilis
Lepidosaphes,Insecta,216,97,Diaspididae,4521.0,Lepidosaphes,2088966.0,Animalia,1,EXACT,,Hemiptera,809,Arthropoda,54,GENUS,"Lepidosaphes Shimer, 1898",,,ACCEPTED,False,2088966,Lepidosaphes
Pachyzancla,Insecta,216,94,,,Pachyzancla,4705014.0,Animalia,1,HIGHERRANK,,Lepidoptera,797,Arthropoda,54,GENUS,"Pachyzancla Meyrick, 1884",,,DOUBTFUL,False,4705014,Pachyzancla nipponalis
Precis,Insecta,216,96,Nymphalidae,7017.0,Precis,1897886.0,Animalia,1,HIGHERRANK,,Lepidoptera,797,Arthropoda,54,GENUS,"Precis Hübner, 1819",,,ACCEPTED,False,1897886,Precis villida
Hypolimnas bolina,Insecta,216,100,Nymphalidae,7017.0,Hypolimnas,7733971.0,Animalia,1,EXACT,,Lepidoptera,797,Arthropoda,54,SPECIES,"Hypolimnas bolina Linnaeus, 1758",Hypolimnas bolina,1910629.0,ACCEPTED,False,1910629,Hypolimnas bolina
Hippotion swinhoei,Insecta,216,100,Sphingidae,8868.0,Hippotion,1862288.0,Animalia,1,EXACT,,Lepidoptera,797,Arthropoda,54,SPECIES,"Hippotion swinhoei Moore, 1862",Hippotion swinhoei,1862290.0,ACCEPTED,False,1862290,Hippotion swinhoei
Gryllotalpa,Insecta,216,97,Gryllotalpidae,8555.0,Gryllotalpa,1716116.0,Animalia,1,EXACT,,Orthoptera,1458,Arthropoda,54,GENUS,"Gryllotalpa Latreille, 1802",,,ACCEPTED,False,1716116,Gryllotalpa
Colocasia esculenta,Liliopsida,196,100,Araceae,6979.0,Colocasia,5330758.0,Plantae,6,EXACT,,Alismatales,551,Tracheophyta,7707728,SPECIES,Colocasia esculenta (L.) Schott,Colocasia esculenta,5330776.0,ACCEPTED,False,5330776,Colocasia esculenta
Atactus deplanatus,Insecta,216,98,Curculionidae,4239.0,Atactus,1240215.0,Animalia,1,EXACT,,Coleoptera,1470,Arthropoda,54,SPECIES,"Atactus deplanatus Faust, J., 1897",Atactus deplanatus,5021658.0,DOUBTFUL,False,5021658,Atactus deplanatus
Tarophagus proserpina,Insecta,216,100,Delphacidae,8498.0,Tarophagus,2054154.0,Animalia,1,EXACT,,Hemiptera,809,Arthropoda,54,SPECIES,"Tarophagus proserpina (Kirkaldy, 1907)",Tarophagus proserpina,2054155.0,ACCEPTED,False,2054155,Tarophagus proserpina
Hippotion celerio,Insecta,216,100,Sphingidae,8868.0,Hippotion,1862288.0,Animalia,1,EXACT,,Lepidoptera,797,Arthropoda,54,SPECIES,"Hippotion celerio Linnaeus, 1758",Hippotion celerio,1862293.0,ACCEPTED,False,1862293,Hippotion celerio
Theretra pinastrina,Insecta,216,100,Sphingidae,8868.0,Theretra,1862420.0,Animalia,1,EXACT,,Lepidoptera,797,Arthropoda,54,SPECIES,"Theretra pinastrina Martyn, 1797",Theretra pinastrina,1862478.0,ACCEPTED,False,1862478,Theretra pinastrina
Cyrtosperma,Liliopsida,196,97,Araceae,6979.0,Cyrtosperma,2871901.0,Plantae,6,EXACT,,Alismatales,551,Tracheophyta,7707728,GENUS,Cyrtosperma Griff.,,,ACCEPTED,False,2871901,Cyrtosperma
Pseudococcus macrocirculus,Insecta,216,100,Pseudococcidae,4534.0,Pseudococcus,2081087.0,Animalia,1,EXACT,,Hemiptera,809,Arthropoda,54,SPECIES,"Pseudococcus macrocirculus Beardsley, 1966",Pseudococcus macrocirculus,2095250.0,ACCEPTED,False,2095250,Pseudococcus macrocirculus
Lycopersicon esculentum,Magnoliopsida,220,99,Solanaceae,7717.0,Solanum,2928997.0,Plantae,6,EXACT,,Solanales,1176,Tracheophyta,7707728,SPECIES,Lycopersicon esculentum Mill.,Solanum lycopersicum,2930137.0,SYNONYM,True,2930181,Lycopersicon esculentum
Cyrtopeltis tenuis,Insecta,216,99,Miridae,4319.0,Nesidiocoris,2009188.0,Animalia,1,EXACT,,Hemiptera,809,Arthropoda,54,SPECIES,"Cyrtopeltis tenuis Reuter, 1895",Nesidiocoris tenuis,2009189.0,SYNONYM,True,2009190,Cyrtopeltis tenuis
Nesophrosyne argentatus,Insecta,216,100,Cicadellidae,9647.0,Nesophrosyne,2045002.0,Animalia,1,EXACT,,Hemiptera,809,Arthropoda,54,SPECIES,Nesophrosyne argentatus,Nesophrosyne argentatus,4775334.0,ACCEPTED,False,4775334,Nesophrosyne argentatus
Terminalia,Magnoliopsida,220,97,Combretaceae,2431.0,Terminalia,3189387.0,Plantae,6,EXACT,,Myrtales,690,Tracheophyta,7707728,GENUS,Terminalia L.,,,ACCEPTED,False,3189387,Terminalia
Trigonops,Insecta,216,96,Curculionidae,4239.0,Trigonops,1225109.0,Animalia,1,HIGHERRANK,,Coleoptera,1470,Arthropoda,54,GENUS,"Trigonops Guérin-Ménéville, 1841",,,ACCEPTED,False,1225109,Trigonops vulgaris
Dialeurodes kirkaldyi,Insecta,216,100,Aleyrodidae,4304.0,Dialeurodes,2012140.0,Animalia,1,EXACT,,Hemiptera,809,Arthropoda,54,SPECIES,"Dialeurodes kirkaldyi (Kotinsky, 1907)",Dialeurodes kirkaldyi,2012142.0,ACCEPTED,False,2012142,Dialeurodes kirkaldyi
Badamia exclamationis,Insecta,216,100,Hesperiidae,6953.0,Badamia,1946375.0,Animalia,1,EXACT,,Lepidoptera,797,Arthropoda,54,SPECIES,"Badamia exclamationis Fabricius, 1775",Badamia exclamationis,5142067.0,ACCEPTED,False,5142067,Badamia exclamationis
Anua coronata,Insecta,216,100,Noctuidae,7015.0,Anua,1779462.0,Animalia,1,EXACT,,Lepidoptera,797,Arthropoda,54,SPECIES,"Anua coronata Fabricius, 1775",Anua coronata,1779516.0,ACCEPTED,False,1779516,Anua coronata
Psophocarpus tetragonolobus,Magnoliopsida,220,95,Fabaceae,5386.0,Psophocarpus,2944679.0,Plantae,6,FUZZY,,Fabales,1370,Tracheophyta,7707728,SPECIES,Psophocarpus tetragonolobus (L.) DC.,Psophocarpus tetragonolobus,2944683.0,ACCEPTED,False,2944683,Psophocarpus tetragonalubus
Tetranychus neocaledonicus,Arachnida,367,100,Tetranychidae,6057.0,Tetranychus,2130777.0,Animalia,1,EXACT,,Prostigmata,372,Arthropoda,54,SPECIES,"Tetranychus neocaledonicus André, 1933",Tetranychus neocaledonicus,2130146.0,ACCEPTED,False,2130146,Tetranychus neocaledonicus
Dioscorea,Liliopsida,196,97,Dioscoreaceae,7694.0,Dioscorea,2754367.0,Plantae,6,EXACT,,Dioscoreales,1171,Tracheophyta,7707728,GENUS,Dioscorea L.,,,ACCEPTED,False,2754367,Dioscorea
Theretra nessus,Insecta,216,100,Sphingidae,8868.0,Theretra,1862420.0,Animalia,1,EXACT,,Lepidoptera,797,Arthropoda,54,SPECIES,"Theretra nessus Drury, 1773",Theretra nessus,1862475.0,ACCEPTED,False,1862475,Theretra nessus
