acceptedScientificName,acceptedScientificNameID,class,data_source_title,family,genus,is_known_name,kingdom,order,phylum,scientificName,scientificNameID,species,supplied_name_string
Agave sisalana Perrine,2766636,Liliopsida,GBIF Backbone Taxonomy,Asparagaceae,Agave,True,Plantae,Asparagales,Tracheophyta,Agave sisalana Perrine,2766636,Agave sisalana,Agave sisalana
"Aonidiella orientalis (Newstead, 1894)",2083015,Insecta,GBIF Backbone Taxonomy,Diaspididae,Aonidiella,True,Animalia,Hemiptera,Arthropoda,"Aonidiella orientalis McKenzie, 1938",7920840,Aonidiella orientalis,Aonidiella orientalis
"Dysmicoccus neobrevipes Beardsley, 1959",2092833,Insecta,GBIF Backbone Taxonomy,Pseudococcidae,Dysmicoccus,True,Animalia,Hemiptera,Arthropoda,"Dysmicoccus neobrevipes Beardsley, 1959",2092833,Dysmicoccus neobrevipes,Dysmicoccus neobrevipes
Persea americana Mill.,3034046,Magnoliopsida,GBIF Backbone Taxonomy,Lauraceae,Persea,True,Plantae,Laurales,Tracheophyta,Persea americana Mill.,3034046,Persea americana,Persea americana
"Trigonops Guérin-Ménéville, 1841",1225109,Insecta,GBIF Backbone Taxonomy,Curculionidae,Trigonops,True,Animalia,Coleoptera,Arthropoda,"Trigonops Guérin-Ménéville, 1841",1225109,,Trigonops
Phytorus lineolatus,96122526,,uBio NameBank,,,True,,,,Phytorus lineolatus,96122526,,Phytorus lineolatus
"Xyleborus fornicatus Eichhoff, 1868c",5020341,Insecta,GBIF Backbone Taxonomy,Curculionidae,Xyleborus,True,Animalia,Coleoptera,Arthropoda,"Xyleborus fornicatus Eichhoff, 1868c",5020341,Xyleborus fornicatus,Xyleborus fornicatus
"Bactrocera cucurbitae (Coquillett, 1899)",8070510,Insecta,GBIF Backbone Taxonomy,Tephritidae,Bactrocera,True,Animalia,Diptera,Arthropoda,"Dacus cucurbitae Coquillett, 1899",1627349,Bactrocera cucurbitae,Dacus cucurbitae
"Hemiberlesia palmae (Cockerell, 1893)",2083914,Insecta,GBIF Backbone Taxonomy,Diaspididae,Hemiberlesia,True,Animalia,Hemiptera,Arthropoda,"Hemiberlesia palmae Ferris, 1938",8339040,Hemiberlesia palmae,Hemiberlesia palmae
"Ceroplastes floridensis Comstock, 1881",2092472,Insecta,GBIF Backbone Taxonomy,Coccidae,Ceroplastes,True,Animalia,Hemiptera,Arthropoda,"Ceroplastes floridensis Comstock, 1881",2092472,Ceroplastes floridensis,Ceroplastes floridensis
"Coccus longulus (Douglas, 1887)",8202676,Insecta,GBIF Backbone Taxonomy,Coccidae,Coccus,True,Animalia,Hemiptera,Arthropoda,"Coccus longulus Ben-Dov, 1977",8127963,Coccus longulus,Coccus longulus
"Eucalymnatus tessellatus (Signoret, 1873)",2091537,Insecta,GBIF Backbone Taxonomy,Coccidae,Eucalymnatus,True,Animalia,Hemiptera,Arthropoda,"Eucalymnatus tessellatus (Signoret, 1873)",2091537,Eucalymnatus tessellatus,Eucalymnatus tessellatus
"Hemiberlesia lataniae (Signoret, 1869)",2083970,Insecta,GBIF Backbone Taxonomy,Diaspididae,Hemiberlesia,True,Animalia,Hemiptera,Arthropoda,"Hemiberlesia lataniae Cockerell, 1905",8101696,Hemiberlesia lataniae,Hemiberlesia lataniae
"Aspidiotus destructor Cockerell in Fernald, 1903",7927609,Insecta,GBIF Backbone Taxonomy,Diaspididae,Aspidiotus,True,Animalia,Hemiptera,Arthropoda,"Aspidiotus destructor Cockerell in Fernald, 1903",7927609,Aspidiotus destructor,Aspidiotus destructor
"Pseudococcus longispinus (Targioni Tozzetti, 1867)",2095283,Insecta,GBIF Backbone Taxonomy,Pseudococcidae,Pseudococcus,True,Animalia,Hemiptera,Arthropoda,"Pseudococcus longispinus (Targioni Tozzetti, 1867)",2095283,Pseudococcus longispinus,Pseudococcus longispinus
"Icerya seychellarum Maskell, 1897",4484675,Insecta,GBIF Backbone Taxonomy,Margarodidae,Icerya,True,Animalia,Hemiptera,Arthropoda,"Icerya seychellarum Maskell, 1897",4484675,Icerya seychellarum,Icerya seychellarum
"Oceanaspidiotus spinosus (Comstock, 1883)",7688159,Insecta,GBIF Backbone Taxonomy,Diaspididae,Oceanaspidiotus,True,Animalia,Hemiptera,Arthropoda,"Aspidiotus spinosus Cockerell, 1895",8329867,Oceanaspidiotus spinosus,Aspidiotus spinosus
"Icerya aegyptiaca (Douglas, 1890)",2080604,Insecta,GBIF Backbone Taxonomy,Margarodidae,Icerya,True,Animalia,Hemiptera,Arthropoda,"Icerya aegyptiaca (Douglas, 1890)",2080604,Icerya aegyptiaca,Icerya aegyptiaca
"Selenothrips rubrocinctus (Giard, 1901)",1420801,Insecta,GBIF Backbone Taxonomy,Thripidae,Selenothrips,True,Animalia,Thysanoptera,Arthropoda,"Selenothrips rubrocinctus (Giard, 1901)",1420801,Selenothrips rubrocinctus,Selenothrips rubrocinctus
Bambusa Mutis ex Caldas,7967307,Liliopsida,GBIF Backbone Taxonomy,Poaceae,Bambusa,True,Plantae,Poales,Tracheophyta,Bambusa Mutis ex Caldas,7967307,,Bambusa
"Anomala sulcatula Burmeister, 1844",5988462,Insecta,GBIF Backbone Taxonomy,Rutelidae,Anomala,True,Animalia,Coleoptera,Arthropoda,"Anomala sulcatula Burmeister, 1844",5988462,Anomala sulcatula,Anomala sulcatula
"Chlorophorus annularis (Fabricius, 1787)",1111797,Insecta,GBIF Backbone Taxonomy,Cerambycidae,Chlorophorus,True,Animalia,Coleoptera,Arthropoda,"Chlorophorus annularis (Fabricius, 1787)",1111797,Chlorophorus annularis,Chlorophorus annularis
"Pseudoloxops bifasciatus (Usinger, 1946)",7845604,Insecta,GBIF Backbone Taxonomy,Miridae,Pseudoloxops,True,Animalia,Hemiptera,Arthropoda,"Pseudoloxops bifasciatus (Usinger, 1946)",7845604,Pseudoloxops bifasciatus,Pseudoloxops bifasciatus
"Asterolecanium robustum Green, 1908",4290164,Insecta,GBIF Backbone Taxonomy,Asterolecaniidae,Asterolecanium,True,Animalia,Hemiptera,Arthropoda,"Asterolecanium robustum Green, 1908",4290164,Asterolecanium robustum,Asterolecanium robustum
"Asterolecanium bambusae (Boisduval, 1869)",4290165,Insecta,GBIF Backbone Taxonomy,Asterolecaniidae,Asterolecanium,True,Animalia,Hemiptera,Arthropoda,"Asterolecanium bambusae (Boisduval, 1869)",4290165,Asterolecanium bambusae,Asterolecanium bambusae
"Asterolecanium pseudomiliaris Green, 1922",4290167,Insecta,GBIF Backbone Taxonomy,Asterolecaniidae,Asterolecanium,True,Animalia,Hemiptera,Arthropoda,"Asterolecanium pseudomiliaris Green, 1922",4290167,Asterolecanium pseudomiliaris,Asterolecanium pseudomiliaris
Asterolecanium pseudolanceolatum Takahashi 1933,128601298,,Index to Organism Names,,,True,,,,Asterolecanium pseudolanceolatum Takahashi 1933,128601298,,Asterolecanium pseudolanceolatum
Asterolecanium,2089594,Insecta,GBIF Backbone Taxonomy,Asterolecaniidae,Asterolecanium,False,Animalia,Hemiptera,Arthropoda,Asterolecanium,2089594,,Asterolecanium coronatum
"Asterolecanium miliaris (Boisduval, 1869)",4290168,Insecta,GBIF Backbone Taxonomy,Asterolecaniidae,Asterolecanium,True,Animalia,Hemiptera,Arthropoda,"Asterolecanium miliaris (Boisduval, 1869)",4290168,Asterolecanium miliaris,Asterolecanium miliaris
Musa L.,2760990,Liliopsida,GBIF Backbone Taxonomy,Musaceae,Musa,True,Plantae,Zingiberales,Tracheophyta,Musa L.,2760990,,Musa
"Adoretus sinicus Burmeister, 1855",4293553,Insecta,GBIF Backbone Taxonomy,Rutelidae,Adoretus,True,Animalia,Coleoptera,Arthropoda,"Adoretus sinicus Burmeister, 1855",4293553,Adoretus sinicus,Adoretus sinicus
"Cosmopolites sordidus Marshall, G.A.K., 1930",1169988,Insecta,GBIF Backbone Taxonomy,Dryophthoridae,Cosmopolites,True,Animalia,Coleoptera,Arthropoda,"Cosmopolites sordidus Marshall, G.A.K., 1930",1169988,Cosmopolites sordidus,Cosmopolites sordidus
"Polytus mellerborgi Heller, K.M., 1927",1169443,Insecta,GBIF Backbone Taxonomy,Dryophthoridae,Polytus,True,Animalia,Coleoptera,Arthropoda,"Polytus mellerborgi Heller, K.M., 1927",1169443,Polytus mellerborgi,Polytus mellerborgi
"Leptoglossus gonagra (Fabricius, 1775)",5156106,Insecta,GBIF Backbone Taxonomy,Coreidae,Leptoglossus,True,Animalia,Hemiptera,Arthropoda,"Leptoglossus australis (Fabricius, 1775)",7832229,Leptoglossus gonagra,Leptoglossus australis
"Planococcus lilacinus (Cockerell, 1905)",5164205,Insecta,GBIF Backbone Taxonomy,Pseudococcidae,Planococcus,True,Animalia,Hemiptera,Arthropoda,"Planococcus citri McKenzie, 1967",8194649,Planococcus lilacinus,Planococcus citri
"Aspidiotus excisus Green, 1896",5161743,Insecta,GBIF Backbone Taxonomy,Diaspididae,Aspidiotus,True,Animalia,Hemiptera,Arthropoda,"Aspidiotus excisus Leonardi, 1898",7789490,Aspidiotus excisus,Aspidiotus excisus
"Ferrisia malvastra (McDaniel, 1962)",5164047,Insecta,GBIF Backbone Taxonomy,Pseudococcidae,Ferrisia,True,Animalia,Hemiptera,Arthropoda,"Ferrisia virgata Ben-Dov, 1980",8382558,Ferrisia malvastra,Ferrisia virgata
"Proutista moesta (Westwood, 1851)",2062873,Insecta,GBIF Backbone Taxonomy,Derbidae,Proutista,True,Animalia,Hemiptera,Arthropoda,"Proutista moesta (Westwood, 1851)",2062873,Proutista moesta,Proutista moesta
"Lamenia caliginea (Stål, 1854)",2063240,Insecta,GBIF Backbone Taxonomy,Derbidae,Lamenia,True,Animalia,Hemiptera,Arthropoda,"Lamenia caliginea (Stål, 1854)",2063240,Lamenia caliginea,Lamenia caliginea
"Ischnaspis longirostris (Signoret, 1882)",5161411,Insecta,GBIF Backbone Taxonomy,Diaspididae,Ischnaspis,True,Animalia,Hemiptera,Arthropoda,"Ischnaspis longirostris Hempel, 1900",7984889,Ischnaspis longirostris,Ischnaspis longirostris
"Pseudococcus microadonidum Beardsley, 1966",2095276,Insecta,GBIF Backbone Taxonomy,Pseudococcidae,Pseudococcus,True,Animalia,Hemiptera,Arthropoda,"Pseudococcus microadonidum Beardsley, 1966",2095276,Pseudococcus microadonidum,Pseudococcus microadonidum
"Pseudococcus orchidicola Takahashi, 1939",2095308,Insecta,GBIF Backbone Taxonomy,Pseudococcidae,Pseudococcus,True,Animalia,Hemiptera,Arthropoda,"Pseudococcus orchidicola Takahashi, 1939",2095308,Pseudococcus orchidicola,Pseudococcus orchidicola
"Diaspis boisduvalii Signoret, 1869",2087459,Insecta,GBIF Backbone Taxonomy,Diaspididae,Diaspis,True,Animalia,Hemiptera,Arthropoda,"Diaspis boisduvalii Borchsenius, 1966",8344593,Diaspis boisduvalii,Diaspis boisduvalii
"Saissetia coffeae (Walker, 1852)",5163470,Insecta,GBIF Backbone Taxonomy,Coccidae,Saissetia,True,Animalia,Hemiptera,Arthropoda,"Saissetia coffeae (Walker, 1852)",5163470,Saissetia coffeae,Saissetia coffeae
"Chrysomphalus dictyospermi (Morgan, 1889)",2083463,Insecta,GBIF Backbone Taxonomy,Diaspididae,Chrysomphalus,True,Animalia,Hemiptera,Arthropoda,"Chrysomphalus dictyospermi (Morgan, 1889)",2083463,Chrysomphalus dictyospermi,Chrysomphalus dictyospermi
"Coccus viridis (Green, 1889)",5163369,Insecta,GBIF Backbone Taxonomy,Coccidae,Coccus,True,Animalia,Hemiptera,Arthropoda,"Coccus viridis Fernald, 1903",8034111,Coccus viridis,Coccus viridis
"Coccus hesperidum Linnaeus, 1758",5712981,Insecta,GBIF Backbone Taxonomy,Coccidae,Coccus,True,Animalia,Hemiptera,Arthropoda,"Coccus hesperidum Linnaeus, 1758",5712981,Coccus hesperidum,Coccus hesperidum
"Steatococcus samaraius Morrison, 1927",2079883,Insecta,GBIF Backbone Taxonomy,Margarodidae,Steatococcus,True,Animalia,Hemiptera,Arthropoda,"Steatococcus samaraius Morrison, 1927",2079883,Steatococcus samaraius,Steatococcus samaraius
"Aonidiella inornata McKenzie, 1938",2083004,Insecta,GBIF Backbone Taxonomy,Diaspididae,Aonidiella,True,Animalia,Hemiptera,Arthropoda,"Aonidiella inornata McKenzie, 1938",2083004,Aonidiella inornata,Aonidiella inornata
"Aonidiella taxus Leonardi, 1906",2082988,Insecta,GBIF Backbone Taxonomy,Diaspididae,Aonidiella,True,Animalia,Hemiptera,Arthropoda,"Aonidiella aurantii Berlese & Leonardi, 1895",2082966,Aonidiella taxus,Aonidiella aurantii
"Pentalonia nigronervosa Coquerel, 1859",2074692,Insecta,GBIF Backbone Taxonomy,Aphididae,Pentalonia,True,Animalia,Hemiptera,Arthropoda,"Pentalonia nigronervosa Coquerel, 1859",2074692,Pentalonia nigronervosa,Pentalonia nigronervosa
Aphis gossypii subsp. gossypii,7199251,Insecta,GBIF Backbone Taxonomy,Aphididae,Aphis,True,Animalia,Hemiptera,Arthropoda,Aphis gossypii,8223925,Aphis gossypii,Aphis gossypii
"Spodoptera litura Fabricius, 1775",5109882,Insecta,GBIF Backbone Taxonomy,Noctuidae,Spodoptera,True,Animalia,Lepidoptera,Arthropoda,"Spodoptera litura Fabricius, 1775",5109882,Spodoptera litura,Spodoptera litura
"Erionota thrax Linnaeus, 1767",1946737,Insecta,GBIF Backbone Taxonomy,Hesperiidae,Erionota,True,Animalia,Lepidoptera,Arthropoda,"Erionota thrax Linnaeus, 1767",1946737,Erionota thrax,Erionota thrax
"Othreis fullonia Clerck, 1764",1772630,Insecta,GBIF Backbone Taxonomy,Noctuidae,Othreis,True,Animalia,Lepidoptera,Arthropoda,"Eudocima fullonia (Clerck, 1764)",4687390,Othreis fullonia,Eudocima fullonia
"Valanga excavata (Stål, 1861)",1707539,Insecta,GBIF Backbone Taxonomy,Acrididae,Valanga,True,Animalia,Orthoptera,Arthropoda,"Valanga excavata (Stål, 1861)",1707539,Valanga excavata,Valanga excavata
"Valanga nigricornis (Burmeister, H., 1838)",1707497,Insecta,GBIF Backbone Taxonomy,Acrididae,Valanga,True,Animalia,Orthoptera,Arthropoda,"Valanga nigricornis (Burmeister, H., 1838)",1707497,Valanga nigricornis,Valanga nigricornis
"Phaseolus Monterosato, 1875",2285633,Bivalvia,GBIF Backbone Taxonomy,Phaseolidae,Phaseolus,True,Animalia,Nuculanoida,Mollusca,"Phaseolus Monterosato, 1875",2285633,,Phaseolus
"Polyphagotarsonemus latus (Banks, 1904)",2131854,Arachnida,GBIF Backbone Taxonomy,Tarsonemidae,Polyphagotarsonemus,True,Animalia,Prostigmata,Arthropoda,"Polyphagotarsonemus latus (Banks, 1904)",2131854,Polyphagotarsonemus latus,Polyphagotarsonemus latus
"Tetranychus tumidus Banks, 1900",2130247,Arachnida,GBIF Backbone Taxonomy,Tetranychidae,Tetranychus,True,Animalia,Prostigmata,Arthropoda,"Tetranychus tumidus Banks, 1900",2130247,Tetranychus tumidus,Tetranychus tumidus
"Pagria signata (Motschulsky, 1858)",1047957,Insecta,GBIF Backbone Taxonomy,Chrysomelidae,Pagria,True,Animalia,Coleoptera,Arthropoda,"Pagria signata (Motschulsky, 1858)",1047957,Pagria signata,Pagria signata
"Ophiomyia phaseoli (Tryon, 1951)",1553148,Insecta,GBIF Backbone Taxonomy,Agromyzidae,Ophiomyia,True,Animalia,Diptera,Arthropoda,"Ophiomyia phaseoli (Tryon, 1951)",1553148,Ophiomyia phaseoli,Ophiomyia phaseoli
"Melanagromyza sojae Zehntner, 1900",1554642,Insecta,GBIF Backbone Taxonomy,Agromyzidae,Melanagromyza,True,Animalia,Diptera,Arthropoda,"Melanagromyza sojae Zehntner, 1900",1554642,Melanagromyza sojae,Melanagromyza sojae
"Liriomyza sativae Blanchard, 1938",1553757,Insecta,GBIF Backbone Taxonomy,Agromyzidae,Liriomyza,True,Animalia,Diptera,Arthropoda,"Liriomyza sativae Blanchard, 1938",1553757,Liriomyza sativae,Liriomyza sativae
"Liriomyza trifolii Burgess, 1880",1553384,Insecta,GBIF Backbone Taxonomy,Agromyzidae,Liriomyza,True,Animalia,Diptera,Arthropoda,"Liriomyza trifolii Burgess, 1880",1553384,Liriomyza trifolii,Liriomyza trifolii
"Nysius Dallas, 1852",2007771,Insecta,GBIF Backbone Taxonomy,Lygaeidae,Nysius,False,Animalia,Hemiptera,Arthropoda,"Nysius Dallas, 1852",2007771,,Nysius pulchellus
"Lygus trukensis Carvalho, 1956",8054296,Insecta,GBIF Backbone Taxonomy,Miridae,Lygus,True,Animalia,Hemiptera,Arthropoda,"Lygus trukensis Carvalho, 1956",8054296,Lygus trukensis,Lygus trukensis
Brachyplatus insularis Ruckes 1963,127928625,,Index to Organism Names,,,False,,,,Brachyplatus insularis Ruckes 1963,127928625,,Brachyplatys insularis
Nezara viridula Linnaeus,8550692,Insecta,GBIF Backbone Taxonomy,Pentatomidae,Nezara viridula,True,Animalia,Hemiptera,Arthropoda,Nezara viridula Linnaeus,8550692,,Nezara viridula
Piezodorus hybneri,126116574,,Index to Organism Names,,,True,,,,Piezodorus hybneri,126116574,,Piezodorus hybneri
"Halticus tibialis Reuter, 1891",5812901,Insecta,GBIF Backbone Taxonomy,Miridae,Halticus,True,Animalia,Hemiptera,Arthropoda,"Halticus tibialis Reuter, 1891",5812901,Halticus tibialis,Halticus tibialis
Coptosoma xanthogramma,127778496,,Index to Organism Names,,,True,,,,Coptosoma xanthogramma,127778496,,Coptosoma xanthogramma
"Empoasca pitiensis Metcalf, 1946",5986019,Insecta,GBIF Backbone Taxonomy,Cicadellidae,Empoasca,True,Animalia,Hemiptera,Arthropoda,"Empoasca pitiensis Metcalf, 1946",5986019,Empoasca pitiensis,Empoasca pitiensis
Leptocentrus taurus Fabricius,2022062,Insecta,GBIF Backbone Taxonomy,Membracidae,Leptocentrus,True,Animalia,Hemiptera,Arthropoda,Leptocentrus taurus Fabricius,2022062,Leptocentrus taurus,Leptocentrus taurus
"Exitianus capicola Stål, 1855",2048896,Insecta,GBIF Backbone Taxonomy,Cicadellidae,Exitianus,True,Animalia,Hemiptera,Arthropoda,"Exitianus capicola Stål, 1855",2048896,Exitianus capicola,Exitianus capicola
"Bemisia tabaci (Gennadius, 1889)",2012126,Insecta,GBIF Backbone Taxonomy,Aleyrodidae,Bemisia,True,Animalia,Hemiptera,Arthropoda,"Bemisia tabaci (Gennadius, 1889)",2012126,Bemisia tabaci,Bemisia tabaci
"Myzus persicae (Sulzer, 1776)",2076179,Insecta,GBIF Backbone Taxonomy,Aphididae,Myzus,True,Animalia,Hemiptera,Arthropoda,"Myzus persicae (Sulzer, 1776)",2076179,Myzus persicae,Myzus persicae
Aphis craccivora subsp. craccivora,7044774,Insecta,GBIF Backbone Taxonomy,Aphididae,Aphis,True,Animalia,Hemiptera,Arthropoda,Aphis craccivora,2072061,Aphis craccivora,Aphis craccivora
"Maruca testulalis Geyer, 1832",1886730,Insecta,GBIF Backbone Taxonomy,Crambidae,Maruca,True,Animalia,Lepidoptera,Arthropoda,"Maruca testulalis Geyer, 1832",1886730,Maruca testulalis,Maruca testulalis
Spodoptera mauritia NPV,8461173,,GBIF Backbone Taxonomy,Baculoviridae,Nucleopolyhedrovirus,True,,,,Spodoptera mauritia NPV,8461173,Spodoptera mauritia,Spodoptera mauritia
"Cryptophlebia ombrodelta Lower, 1898",1737015,Insecta,GBIF Backbone Taxonomy,Tortricidae,Cryptophlebia,True,Animalia,Lepidoptera,Arthropoda,"Cryptophlebia ombrodelta Lower, 1898",1737015,Cryptophlebia ombrodelta,Cryptophlebia ombrodelta
"Etiella zinckenella Treitschke, 1832",1870450,Insecta,GBIF Backbone Taxonomy,Pyralidae,Etiella,True,Animalia,Lepidoptera,Arthropoda,"Etiella zinckenella Treitschke, 1832",1870450,Etiella zinckenella,Etiella zinckenella
Lamprosema diemenalis,125627612,,Index to Organism Names,,,True,,,,Lamprosema diemenalis,125627612,,Lamprosema diemenalis
"Adoxophyes melia Clarke, 1976",1740496,Insecta,GBIF Backbone Taxonomy,Tortricidae,Adoxophyes,True,Animalia,Lepidoptera,Arthropoda,"Adoxophyes melia Clarke, 1976",1740496,Adoxophyes melia,Adoxophyes melia
"Acrocercops Wallengren, 1881",1750759,Insecta,GBIF Backbone Taxonomy,Gracillariidae,Acrocercops,True,Animalia,Lepidoptera,Arthropoda,"Acrocercops Wallengren, 1881",1750759,,Acrocercops
"Sphenarches caffer Zeller, 1852",1859927,Insecta,GBIF Backbone Taxonomy,Pterophoridae,Sphenarches,True,Animalia,Lepidoptera,Arthropoda,"Sphenarches caffer Zeller, 1852",1859927,Sphenarches caffer,Sphenarches caffer
"Agrius convolvuli Linnaeus, 1758",1861644,Insecta,GBIF Backbone Taxonomy,Sphingidae,Agrius,True,Animalia,Lepidoptera,Arthropoda,"Agrius convolvuli Linnaeus, 1758",1861644,Agrius convolvuli,Agrius convolvuli
"Lampides boeticus (Linnaeus, 1767)",1924713,Insecta,GBIF Backbone Taxonomy,Lycaenidae,Lampides,True,Animalia,Lepidoptera,Arthropoda,"Lampides boeticus (Linnaeus, 1767)",1924713,Lampides boeticus,Lampides boeticus
Heliothis armigera,s_5197433,,EOL,,,True,,,,Heliothis armigera,s_5197433,,Heliothis armigera
Chrysodeixis chalcites NPV,8695380,,GBIF Backbone Taxonomy,Baculoviridae,Nucleopolyhedrovirus,True,,,,Chrysodeixis chalcites NPV,8695380,Chrysodeixis chalcites,Chrysodeixis chalcites
"Phaneroptera furcifera Stål, 1861",1686219,Insecta,GBIF Backbone Taxonomy,Tettigoniidae,Phaneroptera,True,Animalia,Orthoptera,Arthropoda,"Phaneroptera furcifera Stål, 1861",1686219,Phaneroptera furcifera,Phaneroptera furcifera
"Thrips palmi Karny, 1925",1420906,Insecta,GBIF Backbone Taxonomy,Thripidae,Thrips,True,Animalia,Thysanoptera,Arthropoda,"Thrips palmi Karny, 1925",1420906,Thrips palmi,Thrips palmi
"Thrips tabaci Lindeman, 1889",1420961,Insecta,GBIF Backbone Taxonomy,Thripidae,Thrips,True,Animalia,Thysanoptera,Arthropoda,"Thrips tabaci Lindeman, 1889",1420961,Thrips tabaci,Thrips tabaci
"Cynodon Spix in Spix & Agassiz, 1829",2352261,Actinopterygii,GBIF Backbone Taxonomy,Cynodontidae,Cynodon,True,Animalia,Characiformes,Chordata,"Cynodon Spix in Spix & Agassiz, 1829",2352261,,Cynodon
"Antonina graminis (Maskell, 1897)",8082584,Insecta,GBIF Backbone Taxonomy,Pseudococcidae,Antonina,True,Animalia,Hemiptera,Arthropoda,"Antonina graminis Fernald, 1903",8248478,Antonina graminis,Antonina graminis
Marasmia venilialis,99804435,,uBio NameBank,,,True,,,,Marasmia venilialis,99804435,,Marasmia venilialis
Areca catechu L.,2736531,Liliopsida,GBIF Backbone Taxonomy,Arecaceae,Areca,True,Plantae,Arecales,Tracheophyta,Areca catechu L.,2736531,Areca catechu,Areca catechu
"Rhabdoscelus obscurus (Boisduval, 1835)",4291564,Insecta,GBIF Backbone Taxonomy,Curculionidae,Rhabdoscelus,True,Animalia,Coleoptera,Arthropoda,"Rhabdoscelus obscurus (Boisduval, 1835)",4291564,Rhabdoscelus obscurus,Rhabdoscelus obscurus
"Xyleborus perforans Wood & Bright, 1992",5019910,Insecta,GBIF Backbone Taxonomy,Curculionidae,Xyleborus,True,Animalia,Coleoptera,Arthropoda,"Xyleborus perforans Wood & Bright, 1992",5019910,Xyleborus perforans,Xyleborus perforans
"Protaetia orientalis (Gory & Percheron, 1833)",1080311,Insecta,GBIF Backbone Taxonomy,Cetoniidae,Protaetia,True,Animalia,Coleoptera,Arthropoda,"Protaetia orientalis (Gory & Percheron, 1833)",1080311,Protaetia orientalis,Protaetia orientalis
"Diocalandra frumenti Marshall, G.A.K., 1931",1169450,Insecta,GBIF Backbone Taxonomy,Dryophthoridae,Diocalandra,True,Animalia,Coleoptera,Arthropoda,"Diocalandra frumenti Marshall, G.A.K., 1931",1169450,Diocalandra frumenti,Diocalandra frumenti
"Oryctes rhinoceros (Linnaeus, 1758)",4995642,Insecta,GBIF Backbone Taxonomy,Dynastidae,Oryctes,True,Animalia,Coleoptera,Arthropoda,"Oryctes rhinoceros (Linnaeus, 1758)",4995642,Oryctes rhinoceros,Oryctes rhinoceros
"Lepidosaphes laterochitinosa Green, 1925",2089321,Insecta,GBIF Backbone Taxonomy,Diaspididae,Lepidosaphes,True,Animalia,Hemiptera,Arthropoda,"Lepidosaphes laterochitinosa Green, 1925",2089321,Lepidosaphes laterochitinosa,Lepidosaphes laterochitinosa
"Lepidosaphes similis Beardsley, 1975",2089035,Insecta,GBIF Backbone Taxonomy,Diaspididae,Lepidosaphes,True,Animalia,Hemiptera,Arthropoda,"Lepidosaphes similis Beardsley, 1975",2089035,Lepidosaphes similis,Lepidosaphes similis
"Cerataphis lataniae (Boisduval, 1867)",2074369,Insecta,GBIF Backbone Taxonomy,Aphididae,Cerataphis,True,Animalia,Hemiptera,Arthropoda,"Cerataphis lataniae (Boisduval, 1867)",2074369,Cerataphis lataniae,Cerataphis lataniae
"Pinnaspis buxi (Bouché, 1851)",8038788,Insecta,GBIF Backbone Taxonomy,Diaspididae,Pinnaspis,True,Animalia,Hemiptera,Arthropoda,"Pinnaspis buxi Newstead, 1901",2086155,Pinnaspis buxi,Pinnaspis buxi
"Dysmicoccus brevipes (Cockerell, 1893)",7672713,Insecta,GBIF Backbone Taxonomy,Pseudococcidae,Dysmicoccus,True,Animalia,Hemiptera,Arthropoda,"Dysmicoccus brevipes (Cockerell, 1893)",7672713,Dysmicoccus brevipes,Dysmicoccus brevipes
"Palmicultor palmarum (Ehrhorn, 1916)",2093294,Insecta,GBIF Backbone Taxonomy,Pseudococcidae,Palmicultor,True,Animalia,Hemiptera,Arthropoda,"Palmicultor palmarum (Ehrhorn, 1916)",2093294,Palmicultor palmarum,Palmicultor palmarum
"Parlatoria proteus (Curtis, 1843)",7703477,Insecta,GBIF Backbone Taxonomy,Diaspididae,Parlatoria,True,Animalia,Hemiptera,Arthropoda,"Parlatoria proteus Signoret, 1869",7897316,Parlatoria proteus,Parlatoria proteus
"Milviscutulus mangiferae (Green, 1889)",8123161,Insecta,GBIF Backbone Taxonomy,Coccidae,Milviscutulus,True,Animalia,Hemiptera,Arthropoda,"Coccus mangiferae Fernald, 1903",5163589,Milviscutulus mangiferae,Coccus mangiferae
"Pinnaspis aspidistrae (Signoret, 1869)",4290201,Insecta,GBIF Backbone Taxonomy,Diaspididae,Pinnaspis,True,Animalia,Hemiptera,Arthropoda,"Pinnaspis aspidistrae (Signoret, 1869)",4290201,Pinnaspis aspidistrae,Pinnaspis aspidistrae
"Pseudaulacaspis cockerelli (Cooley, 1897)",2088910,Insecta,GBIF Backbone Taxonomy,Diaspididae,Pseudaulacaspis,True,Animalia,Hemiptera,Arthropoda,"Phenacaspis inday Robinson, 1917",2088921,Pseudaulacaspis cockerelli,Phenacaspis inday
"Agonoxena Meyrick, 1921",1853137,Insecta,GBIF Backbone Taxonomy,Agonoxenidae,Agonoxena,True,Animalia,Lepidoptera,Arthropoda,"Agonoxena Meyrick, 1921",1853137,,Agonoxena
"Batrachedra Herrich-Schäffer, 1853",1852917,Insecta,GBIF Backbone Taxonomy,Batrachedridae,Batrachedra,True,Animalia,Lepidoptera,Arthropoda,"Batrachedra Herrich-Schäffer, 1853",1852917,,Batrachedra
"Heliothrips haemorrhoidalis (Bouché, 1833)",1420795,Insecta,GBIF Backbone Taxonomy,Thripidae,Heliothrips,True,Animalia,Thysanoptera,Arthropoda,"Heliothrips haemorrhoidalis (Bouché, 1833)",1420795,Heliothrips haemorrhoidalis,Heliothrips haemorrhoidalis
Artocarpus altilis (Parkinson ex F.A.Zorn) Fosberg,2984573,Magnoliopsida,GBIF Backbone Taxonomy,Moraceae,Artocarpus,False,Plantae,Rosales,Tracheophyta,Artocarpus altilis (Parkinson ex F.A.Zorn) Fosberg,2984573,Artocarpus altilis,Artocarpus altitis
"Ceresium unicolor (Fabricius, 1787)",4293080,Insecta,GBIF Backbone Taxonomy,Cerambycidae,Ceresium,True,Animalia,Coleoptera,Arthropoda,"Ceresium unicolor (Fabricius, 1787)",4293080,Ceresium unicolor,Ceresium unicolor
"Aclees porosus Pascoe, F.P., 1871",7628238,Insecta,GBIF Backbone Taxonomy,Curculionidae,Aclees,True,Animalia,Coleoptera,Arthropoda,"Aclees porosus Pascoe, F.P., 1871",7628238,Aclees porosus,Aclees porosus
"Bactrocera umbrosa (Fabricius, 1805)",7690887,Insecta,GBIF Backbone Taxonomy,Tephritidae,Bactrocera,True,Animalia,Diptera,Arthropoda,"Dacus umbrosus Fabricius, 1805",1627255,Bactrocera umbrosa,Dacus umbrosus
"Bactrocera frauenfeldi (Schiner, 1868)",5087454,Insecta,GBIF Backbone Taxonomy,Tephritidae,Bactrocera,True,Animalia,Diptera,Arthropoda,"Dacus frauenfeldi Schiner, 1868",1627089,Bactrocera frauenfeldi,Dacus frauenfeldi
"Andaspis punicae (Laing, 1929)",7631004,Insecta,GBIF Backbone Taxonomy,Diaspididae,Andaspis,True,Animalia,Hemiptera,Arthropoda,"Andaspis punicae Hall, 1946",2088609,Andaspis punicae,Andaspis punicae
"Coccus moestus De Lotto, 1959",5163234,Insecta,GBIF Backbone Taxonomy,Coccidae,Coccus,True,Animalia,Hemiptera,Arthropoda,"Coccus moestus De Lotto, 1959",5163234,Coccus moestus,Coccus moestus
"Vinsonia stellifera (Westwood, 1871)",5163542,Insecta,GBIF Backbone Taxonomy,Coccidae,Vinsonia,True,Animalia,Hemiptera,Arthropoda,"Vinsonia stellifera Douglas, 1888",8108949,Vinsonia stellifera,Vinsonia stellifera
"Chrysomphalus aonidum (Linnaeus, 1758)",8026254,Insecta,GBIF Backbone Taxonomy,Diaspididae,Chrysomphalus,True,Animalia,Hemiptera,Arthropoda,"Chrysomphalus aonidum (Linnaeus, 1758)",8026254,Chrysomphalus aonidum,Chrysomphalus aonidum
"Pseudaulacaspis pentagona (Targioni Tozzetti, 1886)",8321970,Insecta,GBIF Backbone Taxonomy,Diaspididae,Pseudaulacaspis,True,Animalia,Hemiptera,Arthropoda,"Pseudaulacaspis pentagona (Targioni Tozzetti, 1886)",8321970,Pseudaulacaspis pentagona,Pseudaulacaspis pentagona
"Planococcus lilacinus (Cockerell, 1905)",5164205,Insecta,GBIF Backbone Taxonomy,Pseudococcidae,Planococcus,True,Animalia,Hemiptera,Arthropoda,"Planococcus lilacinus (Cockerell, 1905)",5164205,Planococcus lilacinus,Planococcus lilacinus
"Pseudococcus marshallensis Beardsley, 1966",2095178,Insecta,GBIF Backbone Taxonomy,Pseudococcidae,Pseudococcus,True,Animalia,Hemiptera,Arthropoda,"Pseudococcus marshallensis Beardsley, 1966",2095178,Pseudococcus marshallensis,Pseudococcus marshallensis
"Xenaleyrodes artocarpi Takahashi, 1936",4771658,Insecta,GBIF Backbone Taxonomy,Aleyrodidae,Xenaleyrodes,True,Animalia,Hemiptera,Arthropoda,"Xenaleyrodes artocarpi Takahashi, 1936",4771658,Xenaleyrodes artocarpi,Xenaleyrodes artocarpi
"Asterolecanium pustulans (Cockerell, 1892)",4290170,Insecta,GBIF Backbone Taxonomy,Asterolecaniidae,Asterolecanium,True,Animalia,Hemiptera,Arthropoda,"Asterolecanium pustulans (Cockerell, 1892)",4290170,Asterolecanium pustulans,Asterolecanium pustulans
"Icerya purchasi Maskell, 1878",2080592,Insecta,GBIF Backbone Taxonomy,Margarodidae,Icerya,True,Animalia,Hemiptera,Arthropoda,"Icerya purchasi Maskell, 1878",2080592,Icerya purchasi,Icerya purchasi
"Phaciocephalus onoi Metcalf, 1954",2062150,Insecta,GBIF Backbone Taxonomy,Derbidae,Phaciocephalus,True,Animalia,Hemiptera,Arthropoda,"Phaciocephalus onoi Metcalf, 1954",2062150,Phaciocephalus onoi,Phaciocephalus onoi
"Pseudococcus trukensis Beardsley, 1966",2095136,Insecta,GBIF Backbone Taxonomy,Pseudococcidae,Pseudococcus,True,Animalia,Hemiptera,Arthropoda,"Pseudococcus trukensis Beardsley, 1966",2095136,Pseudococcus trukensis,Pseudococcus trukensis
"Ceroplastes rubens Maskell, 1893",2092326,Insecta,GBIF Backbone Taxonomy,Coccidae,Ceroplastes,True,Animalia,Hemiptera,Arthropoda,"Ceroplastes rubens Maskell, 1893",2092326,Ceroplastes rubens,Ceroplastes rubens
Brassica L.,3042506,Magnoliopsida,GBIF Backbone Taxonomy,Brassicaceae,Brassica,True,Plantae,Brassicales,Tracheophyta,Brassica L.,3042506,,Brassica
"Liriomyza brassicae (Riley, 1885)",1553327,Insecta,GBIF Backbone Taxonomy,Agromyzidae,Liriomyza,True,Animalia,Diptera,Arthropoda,"Liriomyza brassicae (Riley, 1885)",1553327,Liriomyza brassicae,Liriomyza brassicae
"Lipaphis erysimi (Kaltenbach, 1843)",2077143,Insecta,GBIF Backbone Taxonomy,Aphididae,Lipaphis,True,Animalia,Hemiptera,Arthropoda,"Lipaphis erysimi (Kaltenbach, 1843)",2077143,Lipaphis erysimi,Lipaphis erysimi
Heliothis zea,s_5197427,,EOL,,,True,,,,Heliothis zea,s_5197427,,Heliothis zea
"Hellula undalis Fabricius, 1781",1879408,Insecta,GBIF Backbone Taxonomy,Crambidae,Hellula,True,Animalia,Lepidoptera,Arthropoda,"Hellula undalis Fabricius, 1781",1879408,Hellula undalis,Hellula undalis
"Plutella xylostella Linnaeus, 1767",1831136,Insecta,GBIF Backbone Taxonomy,Plutellidae,Plutella,True,Animalia,Lepidoptera,Arthropoda,"Plutella xylostella Linnaeus, 1767",1831136,Plutella xylostella,Plutella xylostella
"Crocidolomia binotalis Zeller, 1852",1879345,Insecta,GBIF Backbone Taxonomy,Crambidae,Crocidolomia,True,Animalia,Lepidoptera,Arthropoda,"Crocidolomia binotalis Zeller, 1852",1879345,Crocidolomia binotalis,Crocidolomia binotalis
Manihot esculenta Crantz,3060998,Magnoliopsida,GBIF Backbone Taxonomy,Euphorbiaceae,Manihot,True,Plantae,Malpighiales,Tracheophyta,Manihot esculenta Crantz,3060998,Manihot esculenta,Manihot esculenta
"Tetranychus Dufour, 1832",2130777,Arachnida,GBIF Backbone Taxonomy,Tetranychidae,Tetranychus,True,Animalia,Prostigmata,Arthropoda,"Tetranychus Dufour, 1832",2130777,,Tetranychus
"Tetranychus truncatus Ehara, 1956",2129807,Arachnida,GBIF Backbone Taxonomy,Tetranychidae,Tetranychus,True,Animalia,Prostigmata,Arthropoda,"Tetranychus truncatus Ehara, 1956",2129807,Tetranychus truncatus,Tetranychus truncatus
"Parasaissetia nigra (Nietner, 1861)",8198400,Insecta,GBIF Backbone Taxonomy,Coccidae,Parasaissetia,True,Animalia,Hemiptera,Arthropoda,"Parasaissetia nigra Takahashi, 1955",2092096,Parasaissetia nigra,Parasaissetia nigra
"Phenacoccus madeirensis Green, 1923",2096180,Insecta,GBIF Backbone Taxonomy,Pseudococcidae,Phenacoccus,True,Animalia,Hemiptera,Arthropoda,"Phenacoccus madeirensis Green, 1923",2096180,Phenacoccus madeirensis,Phenacoccus madeirensis
Theobroma cacao L.,3152205,Magnoliopsida,GBIF Backbone Taxonomy,Malvaceae,Theobroma,True,Plantae,Malvales,Tracheophyta,Theobroma cacao L.,3152205,Theobroma cacao,Theobroma cacao
"Xyleborus similis Eggers, 1927c",7409593,Insecta,GBIF Backbone Taxonomy,Curculionidae,Xyleborus,True,Animalia,Coleoptera,Arthropoda,"Xyleborus similis Eggers, 1927c",7409593,Xyleborus similis,Xyleborus similis
"Pelargoderus luteosparsus (Matsushita, 1935)",1102275,Insecta,GBIF Backbone Taxonomy,Cerambycidae,Pelargoderus,True,Animalia,Coleoptera,Arthropoda,"Pelargoderus luteosparsus (Matsushita, 1935)",1102275,Pelargoderus luteosparsus,Pelargoderus luteosparsus
Coenobius (Coenobius) glochidionis,128109614,,Index to Organism Names,,,True,,,,Coenobius (Coenobius) glochidionis,128109614,,Coenobius glochidionis
"Xyleborus ferrugineus Wood & Bright, 1992",5020459,Insecta,GBIF Backbone Taxonomy,Curculionidae,Xyleborus,True,Animalia,Coleoptera,Arthropoda,"Xyleborus ferrugineus Wood & Bright, 1992",5020459,Xyleborus ferrugineus,Xyleborus ferrugineus
"Eusyphax bivittatus (Metcalf, 1946)",7375840,Insecta,GBIF Backbone Taxonomy,Derbidae,Eusyphax,True,Animalia,Hemiptera,Arthropoda,"Eusyphax bivittatus (Metcalf, 1946)",7375840,Eusyphax bivittatus,Eusyphax bivittatus
Aphis gossypii subsp. gossypii,7199251,Insecta,GBIF Backbone Taxonomy,Aphididae,Aphis,True,Animalia,Hemiptera,Arthropoda,Toxoptera aurantii,2075867,Aphis gossypii,Toxoptera aurantii
"Tiracola plagiata Walker, 1857",1762657,Insecta,GBIF Backbone Taxonomy,Noctuidae,Tiracola,True,Animalia,Lepidoptera,Arthropoda,"Tiracola plagiata Walker, 1857",1762657,Tiracola plagiata,Tiracola plagiata
Cocos nucifera L.,2735117,Liliopsida,GBIF Backbone Taxonomy,Arecaceae,Cocos,True,Plantae,Arecales,Tracheophyta,Cocos nucifera L.,2735117,Cocos nucifera,Cocos nucifera
"Brontispa chalybeipennis (Zacher, 1913)",1048753,Insecta,GBIF Backbone Taxonomy,Chrysomelidae,Brontispa,True,Animalia,Coleoptera,Arthropoda,"Brontispa chalybeipennis (Zacher, 1913)",1048753,Brontispa chalybeipennis,Brontispa chalybeipennis
"Brontispa mariana Spaeth, 1937",1048754,Insecta,GBIF Backbone Taxonomy,Chrysomelidae,Brontispa,True,Animalia,Coleoptera,Arthropoda,"Brontispa mariana Spaeth, 1937",1048754,Brontispa mariana,Brontispa mariana
"Brontispa palauensis (Esaki & Chûjô, 1940)",1048752,Insecta,GBIF Backbone Taxonomy,Chrysomelidae,Brontispa,True,Animalia,Coleoptera,Arthropoda,"Brontispa palauensis (Esaki & Chûjô, 1940)",1048752,Brontispa palauensis,Brontispa palauensis
"Caroliniella aenescens Blair, 1940",1143224,Insecta,GBIF Backbone Taxonomy,Cerambycidae,Caroliniella,True,Animalia,Coleoptera,Arthropoda,"Caroliniella aenescens Blair, 1940",1143224,Caroliniella aenescens,Caroliniella aenescens
"Trochorhopalus strangulatus Hustache, A., 1924",1169308,Insecta,GBIF Backbone Taxonomy,Dryophthoridae,Trochorhopalus,True,Animalia,Coleoptera,Arthropoda,"Trochorhopalus strangulatus Hustache, A., 1924",1169308,Trochorhopalus strangulatus,Trochorhopalus strangulatus
"Rhabdoscelus Marshall, 1943",3263747,Insecta,GBIF Backbone Taxonomy,Curculionidae,Rhabdoscelus,False,Animalia,Coleoptera,Arthropoda,"Rhabdoscelus Marshall, 1943",3263747,,Rhabdoscelus asperipennis
"Astegopteryx rhapidis (van der Goot, 1917)",2075144,Insecta,GBIF Backbone Taxonomy,Aphididae,Astegopteryx,True,Animalia,Hemiptera,Arthropoda,"Astegopteryx rhapidis (van der Goot, 1917)",2075144,Astegopteryx rhapidis,Astegopteryx rhapidis
"Aleurocanthus palauensis Kuwana, 1931",8354964,Insecta,GBIF Backbone Taxonomy,Aleyrodidae,Aleurocanthus,True,Animalia,Hemiptera,Arthropoda,"Aleurocanthus palauensis Kuwana, 1931",8354964,Aleurocanthus palauensis,Aleurocanthus palauensis
"Aleurodicus dispersus Russell, 1965",2012122,Insecta,GBIF Backbone Taxonomy,Aleyrodidae,Aleurodicus,True,Animalia,Hemiptera,Arthropoda,"Aleurodicus dispersus Russell, 1965",2012122,Aleurodicus dispersus,Aleurodicus dispersus
"Aonidiella comperei McKenzie, 1937",2082986,Insecta,GBIF Backbone Taxonomy,Diaspididae,Aonidiella,True,Animalia,Hemiptera,Arthropoda,"Aonidiella comperei McKenzie, 1937",2082986,Aonidiella comperei,Aonidiella comperei
"Aonidiella eremocitri McKenzie, 1937",2083038,Insecta,GBIF Backbone Taxonomy,Diaspididae,Aonidiella,True,Animalia,Hemiptera,Arthropoda,"Aonidiella eremocitri McKenzie, 1937",2083038,Aonidiella eremocitri,Aonidiella eremocitri
"Lepidosaphes esakii Takahashi, 1939",2089305,Insecta,GBIF Backbone Taxonomy,Diaspididae,Lepidosaphes,True,Animalia,Hemiptera,Arthropoda,"Lepidosaphes esakii Takahashi, 1939",2089305,Lepidosaphes esakii,Lepidosaphes esakii
"Lamenia numitor Fennah, 1956",2063223,Insecta,GBIF Backbone Taxonomy,Derbidae,Lamenia,True,Animalia,Hemiptera,Arthropoda,"Lamenia numitor Fennah, 1956",2063223,Lamenia numitor,Lamenia numitor
"Lallemandana phalerata (Stål, 1854)",2016693,Insecta,GBIF Backbone Taxonomy,Aphrophoridae,Lallemandana,True,Animalia,Hemiptera,Arthropoda,"Lallemandana phalerata (Stål, 1854)",2016693,Lallemandana phalerata,Lallemandana phalerata
"Leptynoptera sulfurea Crawford, 1919",2014481,Insecta,GBIF Backbone Taxonomy,Triozidae,Leptynoptera,True,Animalia,Hemiptera,Arthropoda,"Leptynoptera sulfurea Crawford, 1919",2014481,Leptynoptera sulfurea,Leptynoptera sulfurea
"Palmicultor guamensis Beardsley, 1966",2093292,Insecta,GBIF Backbone Taxonomy,Pseudococcidae,Palmicultor,True,Animalia,Hemiptera,Arthropoda,"Palmicultor guamensis Beardsley, 1966",2093292,Palmicultor guamensis,Palmicultor guamensis
"Furcaspis oceanica Lindinger, 1909",2086435,Insecta,GBIF Backbone Taxonomy,Diaspididae,Furcaspis,True,Animalia,Hemiptera,Arthropoda,"Furcaspis oceanica Borchsenius, 1966",7430813,Furcaspis oceanica,Furcaspis oceanica
"Flaccia dione Fennah, 1956",2061914,Insecta,GBIF Backbone Taxonomy,Derbidae,Flaccia,True,Animalia,Hemiptera,Arthropoda,"Flaccia dione Fennah, 1956",2061914,Flaccia dione,Flaccia dione
"Exitianus plebeius Kirkaldy, 1906",2048922,Insecta,GBIF Backbone Taxonomy,Cicadellidae,Exitianus,True,Animalia,Hemiptera,Arthropoda,"Exitianus plebeius Kirkaldy, 1906",2048922,Exitianus plebeius,Exitianus plebeius
"Dysmicoccus cocotis (Maskell, 1890)",2092785,Insecta,GBIF Backbone Taxonomy,Pseudococcidae,Dysmicoccus,True,Animalia,Hemiptera,Arthropoda,"Dysmicoccus saipanensis Beardsley, 1966",2092786,Dysmicoccus cocotis,Dysmicoccus saipanensis
"Swezeyia zephyra Fennah, 1956",2062771,Insecta,GBIF Backbone Taxonomy,Derbidae,Swezeyia,False,Animalia,Hemiptera,Arthropoda,"Swezeyia zephyra Fennah, 1956",2062771,Swezeyia zephyra,Swezeyia zephyrus
"Protalebrella brasiliensis (Baker, 1899)",2031856,Insecta,GBIF Backbone Taxonomy,Cicadellidae,Protalebrella,False,Animalia,Hemiptera,Arthropoda,"Protalebrella brasiliensis (Baker, 1899)",2031856,Protalebrella brasiliensis,Protalebrella braziliensis
"Pinnaspis strachani (Cooley, 1899)",7663030,Insecta,GBIF Backbone Taxonomy,Diaspididae,Pinnaspis,True,Animalia,Hemiptera,Arthropoda,"Pinnaspis strachani Ferris & Rao, 1947",2086223,Pinnaspis strachani,Pinnaspis strachani
Neotermes kanehirae,98972848,,uBio NameBank,,,True,,,,Neotermes kanehirae,98972848,,Neotermes kanehirae
"Agonoxena pyrogramma Meyrick, 1924",1853138,Insecta,GBIF Backbone Taxonomy,Agonoxenidae,Agonoxena,True,Animalia,Lepidoptera,Arthropoda,"Agonoxena pyrogramma Meyrick, 1924",1853138,Agonoxena pyrogramma,Agonoxena pyrogramma
"Segestes unicolor Redtenbacher, 1892",1694658,Insecta,GBIF Backbone Taxonomy,Tettigoniidae,Segestes,True,Animalia,Orthoptera,Arthropoda,"Segestes unicolor Redtenbacher, 1892",1694658,Segestes unicolor,Segestes unicolor
"Acanthograeffea denticulata (Redtenbacher, 1908)",1412321,Insecta,GBIF Backbone Taxonomy,Phasmatidae,Acanthograeffea,True,Animalia,Phasmida,Arthropoda,"Acanthograeffea denticulata (Redtenbacher, 1908)",1412321,Acanthograeffea denticulata,Acanthograeffea denticulata
"Acanthograeffea modesta Günther, 1932",1412323,Insecta,GBIF Backbone Taxonomy,Phasmatidae,Acanthograeffea,True,Animalia,Phasmida,Arthropoda,"Acanthograeffea modesta Günther, 1932",1412323,Acanthograeffea modesta,Acanthograeffea modesta
Coffea L.,2895315,Magnoliopsida,GBIF Backbone Taxonomy,Rubiaceae,Coffea,True,Plantae,Gentianales,Tracheophyta,Coffea L.,2895315,,Coffea
"Hypothenemus hampei Wood & Bright, 1992",7766801,Insecta,GBIF Backbone Taxonomy,Curculionidae,Hypothenemus,True,Animalia,Coleoptera,Arthropoda,"Hypothenemus hampei Wood & Bright, 1992",7766801,Hypothenemus hampei,Hypothenemus hampei
"Xyleborus morigerus Blandford, 1894b",5020248,Insecta,GBIF Backbone Taxonomy,Curculionidae,Xyleborus,True,Animalia,Coleoptera,Arthropoda,"Xyleborus morigerus Blandford, 1894b",5020248,Xyleborus morigerus,Xyleborus morigerus
"Saissetia miranda (Cockerell & Parrott in Cockerell, 1899)",8259259,Insecta,GBIF Backbone Taxonomy,Coccidae,Saissetia,True,Animalia,Hemiptera,Arthropoda,"Saissetia oleae Sanders, 1909",5163435,Saissetia miranda,Saissetia oleae
"Pulvinaria psidii Maskell, 1893",2091992,Insecta,GBIF Backbone Taxonomy,Coccidae,Pulvinaria,True,Animalia,Hemiptera,Arthropoda,"Chloropulvinaria psidii Borchsenius, 1957",2091993,Pulvinaria psidii,Chloropulvinaria psidii
"Duplaspidiotus tesseratus (Grandpré & Charmoy, 1899)",7908854,Insecta,GBIF Backbone Taxonomy,Diaspididae,Duplaspidiotus,True,Animalia,Hemiptera,Arthropoda,"Duplaspidiotus tesseratus (Grandpré & Charmoy, 1899)",7908854,Duplaspidiotus tesseratus,Duplaspidiotus tesseratus
"Aleurodothrips fasciapennis (Franklin, 1908)",1420197,Insecta,GBIF Backbone Taxonomy,Phlaeothripidae,Aleurodothrips,True,Animalia,Thysanoptera,Arthropoda,"Aleurodothrips fasciapennis (Franklin, 1908)",1420197,Aleurodothrips fasciapennis,Aleurodothrips fasciapennis
"Karnyothrips melaleucus (Bagnall, 1911)",1420160,Insecta,GBIF Backbone Taxonomy,Phlaeothripidae,Karnyothrips,False,Animalia,Thysanoptera,Arthropoda,"Karnyothrips melaleucus (Bagnall, 1911)",1420160,Karnyothrips melaleucus,Karnyothrips melaleuca
Gossypium L.,3152652,Magnoliopsida,GBIF Backbone Taxonomy,Malvaceae,Gossypium,True,Plantae,Malvales,Tracheophyta,Gossypium L.,3152652,,Gossypium
"Tetranychus urticae Koch, 1836",2130185,Arachnida,GBIF Backbone Taxonomy,Tetranychidae,Tetranychus,True,Animalia,Prostigmata,Arthropoda,"Tetranychus cinnabarinus (Boisduval, 1867)",2130191,Tetranychus urticae,Tetranychus cinnabarinus
"Oxycarenus bicolor Fieber, 1852",4771134,Insecta,GBIF Backbone Taxonomy,Lygaeidae,Oxycarenus,True,Animalia,Hemiptera,Arthropoda,"Oxycarenus bicolor Fieber, 1852",4771134,Oxycarenus bicolor,Oxycarenus bicolor
Sundapteryx biguttula (Ishida 1913),127467843,,Index to Organism Names,,,True,,,,Sundapteryx biguttula (Ishida 1913),127467843,,Sundapteryx biguttula
"Anomis erosa Hübner, 1818",1785024,Insecta,GBIF Backbone Taxonomy,Noctuidae,Anomis,True,Animalia,Lepidoptera,Arthropoda,"Anomis erosa Hübner, 1818",1785024,Anomis erosa,Anomis erosa
Diaphania indica,390977,Insecta,NCBI,Crambidae,Diaphania,True,Metazoa,Lepidoptera,Arthropoda,Diaphania indica,390977,Diaphania indica,Diaphania indica
Codiaeum variegatum (L.) Blume,7754956,Magnoliopsida,GBIF Backbone Taxonomy,Euphorbiaceae,Codiaeum,True,Plantae,Malpighiales,Tracheophyta,Codiaeum variegatum (L.) Blume,7754956,Codiaeum variegatum,Codiaeum variegatum
"Trigonops Guérin-Ménéville, 1841",1225109,Insecta,GBIF Backbone Taxonomy,Curculionidae,Trigonops,False,Animalia,Coleoptera,Arthropoda,"Trigonops Guérin-Ménéville, 1841",1225109,,Trigonops hirsuta
"Trigonops Guérin-Ménéville, 1841",1225109,Insecta,GBIF Backbone Taxonomy,Curculionidae,Trigonops,False,Animalia,Coleoptera,Arthropoda,"Trigonops Guérin-Ménéville, 1841",1225109,,Trigonops inusitata
"Lepidosaphes tokionis (Kuwana, 1902)",2089086,Insecta,GBIF Backbone Taxonomy,Diaspididae,Lepidosaphes,True,Animalia,Hemiptera,Arthropoda,"Lepidosaphes tokionis (Kuwana, 1902)",2089086,Lepidosaphes tokionis,Lepidosaphes tokionis
"Acanthodelta janata Linnaeus, 1758",5109097,Insecta,GBIF Backbone Taxonomy,Noctuidae,Acanthodelta,True,Animalia,Lepidoptera,Arthropoda,Achaea janata (Linnaeus),5113950,Acanthodelta janata,Achaea janata
Cucurbitaceae,6634,Magnoliopsida,GBIF Backbone Taxonomy,Cucurbitaceae,,True,Plantae,Cucurbitales,Tracheophyta,Cucurbitaceae,6634,,Cucurbitaceae
"Aulacophora Chevrolat in d'Orbigny, 1842",3260118,Insecta,GBIF Backbone Taxonomy,Chrysomelidae,Aulacophora,False,Animalia,Coleoptera,Arthropoda,"Aulacophora Chevrolat in d'Orbigny, 1842",3260118,,Aulacophora flavomarginata
"Nanyozo viridilineatus Kono, 1942",7733031,Insecta,GBIF Backbone Taxonomy,Curculionidae,Nanyozo,True,Animalia,Coleoptera,Arthropoda,"Nanyozo viridilineatus Kono, 1942",7733031,Nanyozo viridilineatus,Nanyozo viridilineatus
Aulacophora marginalis Chapuis 1876,127367029,,Index to Organism Names,,,True,,,,Aulacophora marginalis Chapuis 1876,127367029,,Aulacophora marginalis
"Aulacophora abdominalis (Fabricius, 1781)",5808809,Insecta,GBIF Backbone Taxonomy,Chrysomelidae,Aulacophora,True,Animalia,Coleoptera,Arthropoda,"Aulacophora similis Maulik, 1929",5808814,Aulacophora abdominalis,Aulacophora similis
"Aulacophora quadrimaculata (Fabricius, 1781)",5808792,Insecta,GBIF Backbone Taxonomy,Chrysomelidae,Aulacophora,True,Animalia,Coleoptera,Arthropoda,"Aulacophora quadrimaculata (Fabricius, 1781)",5808792,Aulacophora quadrimaculata,Aulacophora quadrimaculata
"Physomerus grossipes (Fabricius, 1794)",5733019,Insecta,GBIF Backbone Taxonomy,Coreidae,Physomerus,True,Animalia,Hemiptera,Arthropoda,"Physomerus grossipes (Fabricius, 1794)",5733019,Physomerus grossipes,Physomerus grossipes
"Megymenum affine Boisduval, 1835",4781480,Insecta,GBIF Backbone Taxonomy,Dinidoridae,Megymenum,True,Animalia,Hemiptera,Arthropoda,"Megymenum affine Boisduval, 1835",4781480,Megymenum affine,Megymenum affine
"Halticus insularis Usinger, 1946",6130167,Insecta,GBIF Backbone Taxonomy,Miridae,Halticus,True,Animalia,Hemiptera,Arthropoda,"Halticus insularis Usinger, 1946",6130167,Halticus insularis,Halticus insularis
"Lepidosaphes beckii (Newman, 1869)",2089006,Insecta,GBIF Backbone Taxonomy,Diaspididae,Lepidosaphes,True,Animalia,Hemiptera,Arthropoda,"Lepidosaphes beckii (Newman, 1869)",2089006,Lepidosaphes beckii,Lepidosaphes beckii
Diaphania hyalinata,1209549,Insecta,NCBI,Crambidae,Diaphania,True,Metazoa,Lepidoptera,Arthropoda,Diaphania hyalinata,1209549,Diaphania hyalinata,Diaphania hyalinata
"Stenocatantops splendens (Thunberg, 1815)",1712231,Insecta,GBIF Backbone Taxonomy,Acrididae,Stenocatantops,True,Animalia,Orthoptera,Arthropoda,"Stenocatantops splendens (Thunberg, 1815)",1712231,Stenocatantops splendens,Stenocatantops splendens
Cycas L.,2683206,Cycadopsida,GBIF Backbone Taxonomy,Cycadaceae,Cycas,True,Plantae,Cycadales,Tracheophyta,Cycas L.,2683206,,Cycas
"Anaballus amplicollis Fairmaire, 1849",4291693,Insecta,GBIF Backbone Taxonomy,Curculionidae,Anaballus,True,Animalia,Coleoptera,Arthropoda,"Anaballus amplicollis Fairmaire, 1849",4291693,Anaballus amplicollis,Anaballus amplicollis
"Alciphron glaucus (Fabricius, 1775)",4782385,Insecta,GBIF Backbone Taxonomy,Pentatomidae,Alciphron,True,Animalia,Hemiptera,Arthropoda,"Alciphron glaucus (Fabricius, 1775)",4782385,Alciphron glaucus,Alciphron glaucus
"Lepidosaphes carolinensis Beardsley, 1966",2089229,Insecta,GBIF Backbone Taxonomy,Diaspididae,Lepidosaphes,True,Animalia,Hemiptera,Arthropoda,"Lepidosaphes carolinensis Beardsley, 1966",2089229,Lepidosaphes carolinensis,Lepidosaphes carolinensis
Chilades pandava,/en/edales_pandava,,Freebase,,,True,,,,Chilades pandava,/en/edales_pandava,,Chilades pandava
Solanum melongena Wall.,8347557,Magnoliopsida,GBIF Backbone Taxonomy,Solanaceae,Solanum,True,Plantae,Solanales,Tracheophyta,Solanum melongena Wall.,8347557,Solanum melongena,Solanum melongena
"Epitrix hirtipennis (F. E. Melsheimer, 1847)",1048253,Insecta,GBIF Backbone Taxonomy,Chrysomelidae,Epitrix,True,Animalia,Coleoptera,Arthropoda,"Epitrix hirtipennis (F. E. Melsheimer, 1847)",1048253,Epitrix hirtipennis,Epitrix hirtipennis
,,,,,,False,,,,,,,Epilachna vigintisexpunctata philippensis
"Lygus kusaiensis Carvalho, 1956",8324342,Insecta,GBIF Backbone Taxonomy,Miridae,Lygus,True,Animalia,Hemiptera,Arthropoda,"Lygus kusaiensis Carvalho, 1956",8324342,Lygus kusaiensis,Lygus kusaiensis
"Protoparce Burmeister, 1855",4703461,Insecta,GBIF Backbone Taxonomy,Sphingidae,Protoparce,True,Animalia,Lepidoptera,Arthropoda,"Protoparce Burmeister, 1855",4703461,,Protoparce
Ficus nodosa Teijsm. & Binn.,5570676,Magnoliopsida,GBIF Backbone Taxonomy,Moraceae,Ficus,True,Plantae,Rosales,Tracheophyta,Ficus,8290254,Ficus nodosa,Ficus
"Ceroplastes pseudoceriferus Green, 1935",2092298,Insecta,GBIF Backbone Taxonomy,Coccidae,Ceroplastes,True,Animalia,Hemiptera,Arthropoda,"Ceroplastes ceriferus Green, 1921",2092299,Ceroplastes pseudoceriferus,Ceroplastes ceriferus
"Euploea leucostictos Gmelin, 1788",5136414,Insecta,GBIF Backbone Taxonomy,Nymphalidae,Euploea,True,Animalia,Lepidoptera,Arthropoda,"Euploea leucostictos Gmelin, 1788",5136414,Euploea leucostictos,Euploea leucostictos
Zingiber officinale Roscoe,2757280,Liliopsida,GBIF Backbone Taxonomy,Zingiberaceae,Zingiber,True,Plantae,Zingiberales,Tracheophyta,Zingiber officinale Roscoe,2757280,Zingiber officinale,Zingiber officinale
"Ostrinia furnacalis Guenée, 1854",1886362,Insecta,GBIF Backbone Taxonomy,Crambidae,Ostrinia,True,Animalia,Lepidoptera,Arthropoda,"Ostrinia furnacalis Guenée, 1854",1886362,Ostrinia furnacalis,Ostrinia furnacalis
Psidium guajava L.,5420380,Magnoliopsida,GBIF Backbone Taxonomy,Myrtaceae,Psidium,True,Plantae,Myrtales,Tracheophyta,Psidium guajava L.,5420380,Psidium guajava,Psidium guajava
"Saissetia neglecta De Lotto, 1969",5163430,Insecta,GBIF Backbone Taxonomy,Coccidae,Saissetia,True,Animalia,Hemiptera,Arthropoda,"Saissetia neglecta De Lotto, 1969",5163430,Saissetia neglecta,Saissetia neglecta
"Kilifia acuminata (Signoret, 1873)",5163553,Insecta,GBIF Backbone Taxonomy,Coccidae,Kilifia,True,Animalia,Hemiptera,Arthropoda,"Kilifia acuminata (Signoret, 1873)",5163553,Kilifia acuminata,Kilifia acuminata
"Kilifia deltoides De Lotto, 1965",5163561,Insecta,GBIF Backbone Taxonomy,Coccidae,Kilifia,True,Animalia,Hemiptera,Arthropoda,"Kilifia deltoides De Lotto, 1965",5163561,Kilifia deltoides,Kilifia deltoides
"Aleurothrixus floccosus (Maskell, 1896)",2012137,Insecta,GBIF Backbone Taxonomy,Aleyrodidae,Aleurothrixus,True,Animalia,Hemiptera,Arthropoda,"Aleurothrixus floccosus (Maskell, 1896)",2012137,Aleurothrixus floccosus,Aleurothrixus floccosus
"Parlatoria pergandii Comstock, 1881",5162255,Insecta,GBIF Backbone Taxonomy,Diaspididae,Parlatoria,True,Animalia,Hemiptera,Arthropoda,"Parlatoria pergandii Comstock, 1881",5162255,Parlatoria pergandii,Parlatoria pergandii
"Neotermes connexus Snyder, 1922",2007333,Insecta,GBIF Backbone Taxonomy,Kalotermitidae,Neotermes,True,Animalia,Isoptera,Arthropoda,"Neotermes connexus Snyder, 1922",2007333,Neotermes connexus,Neotermes connexus
"Dudua aprobola Meyrick, 1886",1740828,Insecta,GBIF Backbone Taxonomy,Tortricidae,Dudua,True,Animalia,Lepidoptera,Arthropoda,"Dudua aprobola Meyrick, 1886",1740828,Dudua aprobola,Dudua aprobola
"Anua tongaensis Hampson, 1913",1779563,Insecta,GBIF Backbone Taxonomy,Noctuidae,Anua,True,Animalia,Lepidoptera,Arthropoda,"Anua tongaensis Hampson, 1913",1779563,Anua tongaensis,Anua tongaensis
"Strepsicrates ejectana Walker, 1863",1743319,Insecta,GBIF Backbone Taxonomy,Tortricidae,Strepsicrates,True,Animalia,Lepidoptera,Arthropoda,"Strepsicrates ejectana Walker, 1863",1743319,Strepsicrates ejectana,Strepsicrates ejectana
Erythrina variegata L.,5349581,Magnoliopsida,GBIF Backbone Taxonomy,Fabaceae,Erythrina,True,Plantae,Fabales,Tracheophyta,Erythrina variegata L.,5349581,Erythrina variegata,Erythrina variegata
"Saissetia miranda (Cockerell & Parrott in Cockerell, 1899)",8259259,Insecta,GBIF Backbone Taxonomy,Coccidae,Saissetia,True,Animalia,Hemiptera,Arthropoda,"Saissetia miranda (Cockerell & Parrott in Cockerell, 1899)",8259259,Saissetia miranda,Saissetia miranda
"Agathodes ostentalis Geyer, 1837",5127097,Insecta,GBIF Backbone Taxonomy,Crambidae,Agathodes,True,Animalia,Lepidoptera,Arthropoda,"Agathodes ostentalis Geyer, 1837",5127097,Agathodes ostentalis,Agathodes ostentalis
Casuarina equisetifolia Blanco,7582441,Magnoliopsida,GBIF Backbone Taxonomy,Casuarinaceae,Casuarina,True,Plantae,Fagales,Tracheophyta,Casuarina equisetifolia Blanco,7582441,Casuarina equisetifolia,Casuarina equisetifolia
Artocarpus heterophyllus Lam.,2984565,Magnoliopsida,GBIF Backbone Taxonomy,Moraceae,Artocarpus,True,Plantae,Rosales,Tracheophyta,Artocarpus heterophyllus Lam.,2984565,Artocarpus heterophyllus,Artocarpus heterophyllus
Calophyllum inophyllum L.,5421065,Magnoliopsida,GBIF Backbone Taxonomy,Calophyllaceae,Calophyllum,True,Plantae,Malpighiales,Tracheophyta,Calophyllum inophyllum,8619169,Calophyllum inophyllum,Calophyllum inophyllum
Citrus L.,3190155,Magnoliopsida,GBIF Backbone Taxonomy,Rutaceae,Citrus,True,Plantae,Sapindales,Tracheophyta,Citrus L.,3190155,,Citrus
"Eotetranychus cendanai Rimando, 1962",2129742,Arachnida,GBIF Backbone Taxonomy,Tetranychidae,Eotetranychus,True,Animalia,Prostigmata,Arthropoda,"Eotetranychus cendanai Rimando, 1962",2129742,Eotetranychus cendanai,Eotetranychus cendanai
"Daealus Zimmerman, 1942",4745629,Insecta,GBIF Backbone Taxonomy,Curculionidae,Daealus,True,Animalia,Coleoptera,Arthropoda,"Daealus Zimmerman, 1942",4745629,,Daealus
"Protaetia fusca (Herbst, 1790)",1080274,Insecta,GBIF Backbone Taxonomy,Cetoniidae,Protaetia,True,Animalia,Coleoptera,Arthropoda,"Protaetia fusca (Herbst, 1790)",1080274,Protaetia fusca,Protaetia fusca
Chrysobothris costata,129210105,,Index to Organism Names,,,True,,,,Chrysobothris costata,129210105,,Chrysobothris costata
Agrilus occipitalis,12292567,,Union 4,Buprestidae,Agrilus,True,,,,Agrilus occipitalis,12292567,,Agrilus occipitalis
"Unaspis citri (Comstock, 1883)",7911763,Insecta,GBIF Backbone Taxonomy,Diaspididae,Unaspis,True,Animalia,Hemiptera,Arthropoda,"Unaspis citri (Comstock, 1883)",7911763,Unaspis citri,Unaspis citri
"Aphis spiraecola Patch, 1914",2072761,Insecta,GBIF Backbone Taxonomy,Aphididae,Aphis,True,Animalia,Hemiptera,Arthropoda,"Aphis citricola Del Guercio, 1917",2072191,Aphis spiraecola,Aphis citricola
"Aleurocanthus spiniferus (Quaintance, 1903)",2012158,Insecta,GBIF Backbone Taxonomy,Aleyrodidae,Aleurocanthus,True,Animalia,Hemiptera,Arthropoda,"Aleurocanthus spiniferus (Quaintance, 1903)",2012158,Aleurocanthus spiniferus,Aleurocanthus spiniferus
"Singhiella citrifolii (Morgan, 1893)",7731255,Insecta,GBIF Backbone Taxonomy,Aleyrodidae,Singhiella,True,Animalia,Hemiptera,Arthropoda,"Dialeurodes citrifolii (Morgan, 1893)",2012141,Singhiella citrifolii,Dialeurodes citrifolii
"Parlatoria ziziphi (Lucas, 1853)",8416592,Insecta,GBIF Backbone Taxonomy,Diaspididae,Parlatoria,True,Animalia,Hemiptera,Arthropoda,"Parlatoria zizyphus Cockerell, 1900",5162278,Parlatoria ziziphi,Parlatoria zizyphus
"Lepidosaphes gloverii (Packard, 1869)",8215075,Insecta,GBIF Backbone Taxonomy,Diaspididae,Lepidosaphes,True,Animalia,Hemiptera,Arthropoda,"Lepidosaphes gloverii Kirkaldy, 1902",2089039,Lepidosaphes gloverii,Lepidosaphes gloverii
"Pseudococcus cryptus Hempel, 1918",2095244,Insecta,GBIF Backbone Taxonomy,Pseudococcidae,Pseudococcus,True,Animalia,Hemiptera,Arthropoda,"Pseudococcus citriculus Green, 1922",2095245,Pseudococcus cryptus,Pseudococcus citriculus
"Hemiberlesia palmae (Cockerell, 1893)",2083914,Insecta,GBIF Backbone Taxonomy,Diaspididae,Hemiberlesia,True,Animalia,Hemiptera,Arthropoda,"Abgrallaspis palmae Balachowsky, 1948",2083915,Hemiberlesia palmae,Abgrallaspis palmae
"Parlatoria cinerea Hadden in Doane & Hadden, 1909",5162198,Insecta,GBIF Backbone Taxonomy,Diaspididae,Parlatoria,True,Animalia,Hemiptera,Arthropoda,"Parlatoria cinerea Hadden in Doane & Hadden, 1909",5162198,Parlatoria cinerea,Parlatoria cinerea
"Adoxophyes fasciculana Walker, 1866",1740443,Insecta,GBIF Backbone Taxonomy,Tortricidae,Adoxophyes,True,Animalia,Lepidoptera,Arthropoda,"Adoxophyes fasciculana Walker, 1866",1740443,Adoxophyes fasciculana,Adoxophyes fasciculana
"Cryptophlebia peltastica Meyrick, 1921",1736963,Insecta,GBIF Backbone Taxonomy,Tortricidae,Cryptophlebia,True,Animalia,Lepidoptera,Arthropoda,"Cryptophlebia peltastica Meyrick, 1921",1736963,Cryptophlebia peltastica,Cryptophlebia peltastica
"Phyllocnistis citrella Stainton, 1856",1749580,Insecta,GBIF Backbone Taxonomy,Gracillariidae,Phyllocnistis,True,Animalia,Lepidoptera,Arthropoda,"Phyllocnistis citrella Stainton, 1856",1749580,Phyllocnistis citrella,Phyllocnistis citrella
"Papilio polytes Linnaeus, 1758",1938088,Insecta,GBIF Backbone Taxonomy,Papilionidae,Papilio,True,Animalia,Lepidoptera,Arthropoda,"Papilio polytes Linnaeus, 1758",1938088,Papilio polytes,Papilio polytes
"Prays citri Millière, 1873",1830823,Insecta,GBIF Backbone Taxonomy,Yponomeutidae,Prays,True,Animalia,Lepidoptera,Arthropoda,"Prays citri Millière, 1873",1830823,Prays citri,Prays citri
Zea mays L.,5290052,Liliopsida,GBIF Backbone Taxonomy,Poaceae,Zea,True,Plantae,Poales,Tracheophyta,Zea mays L.,5290052,Zea mays,Zea mays
Phyllophaga bipunctata,96589797,,uBio NameBank,,,True,,,,Phyllophaga bipunctata,96589797,,Phyllophaga bipunctata
"Sitophilus oryzae Schoenherr, 1838",8383943,Insecta,GBIF Backbone Taxonomy,Dryophthoridae,Sitophilus,True,Animalia,Coleoptera,Arthropoda,"Sitophilus oryzae Schoenherr, 1838",8383943,Sitophilus oryzae,Sitophilus oryzae
"Pseudonapomyza spicata (Malloch, 1914)",1553913,Insecta,GBIF Backbone Taxonomy,Agromyzidae,Pseudonapomyza,True,Animalia,Diptera,Arthropoda,"Pseudonapomyza spicata (Malloch, 1914)",1553913,Pseudonapomyza spicata,Pseudonapomyza spicata
"Creontiades pacificus (Stål, 1859)",5866589,Insecta,GBIF Backbone Taxonomy,Miridae,Creontiades,True,Animalia,Hemiptera,Arthropoda,"Creontiades pallidifer (Walker, 1873)",4776870,Creontiades pacificus,Creontiades pallidifer
"Saccharicoccus sacchari (Cockerell, 1895)",2093000,Insecta,GBIF Backbone Taxonomy,Pseudococcidae,Saccharicoccus,True,Animalia,Hemiptera,Arthropoda,"Saccharicoccus sacchari Ferris, 1950",7776753,Saccharicoccus sacchari,Saccharicoccus sacchari
"Peregrinus maidis (Ashmead, 1890)",5156453,Insecta,GBIF Backbone Taxonomy,Delphacidae,Peregrinus,True,Animalia,Hemiptera,Arthropoda,"Peregrinus maidis (Ashmead, 1890)",5156453,Peregrinus maidis,Peregrinus maidis
"Rhopalosiphum maidis (Fitch, 1856)",2069572,Insecta,GBIF Backbone Taxonomy,Aphididae,Rhopalosiphum,True,Animalia,Hemiptera,Arthropoda,"Rhopalosiphum maidis (Fitch, 1856)",2069572,Rhopalosiphum maidis,Rhopalosiphum maidis
Cicadulina bipunctella,126208824,,Index to Organism Names,,,True,,,,Cicadulina bipunctella,126208824,,Cicadulina bipunctella
Marasmia trapezalis,36871057,,EOL,,,True,,,,Marasmia trapezalis,36871057,,Marasmia trapezalis
"Melanitis leda Linnaeus, 1758",1895956,Insecta,GBIF Backbone Taxonomy,Nymphalidae,Melanitis,True,Animalia,Lepidoptera,Arthropoda,"Melanitis leda Linnaeus, 1758",1895956,Melanitis leda,Melanitis leda
"Ruspolia differens (Serville, 1838)",5096598,Insecta,GBIF Backbone Taxonomy,Tettigoniidae,Ruspolia,True,Animalia,Orthoptera,Arthropoda,"Conocephalus longipennis Redtenbacher, 1891",7696970,Ruspolia differens,Conocephalus longipennis
"Oxya japonica (Thunberg, 1815)",1700933,Insecta,GBIF Backbone Taxonomy,Acrididae,Oxya,True,Animalia,Orthoptera,Arthropoda,"Oxya japonica (Thunberg, 1815)",1700933,Oxya japonica,Oxya japonica
Locusta migratoria manilensis,229990,Insecta,NCBI,Acrididae,Locusta,True,Metazoa,Orthoptera,Arthropoda,Locusta migratoria manilensis,229990,Locusta migratoria,Locusta migratoria manilensis
"Aiolopus thalassinus subsp. dubius Willemse, 1923",6255622,Insecta,GBIF Backbone Taxonomy,Acrididae,Aiolopus,True,Animalia,Orthoptera,Arthropoda,"Aiolopus thalassinus subsp. dubius Willemse, 1923",6255622,Aiolopus thalassinus,Aiolopus thalassinus dubius
"Oxya hyla Serville, 1831",1700953,Insecta,GBIF Backbone Taxonomy,Acrididae,Oxya,True,Animalia,Orthoptera,Arthropoda,"Oxya hyla Johnston, H.B., 1956",8315471,Oxya hyla,Oxya hyla
Mangifera sylvatica Roxb.,3662046,Magnoliopsida,GBIF Backbone Taxonomy,Anacardiaceae,Mangifera,True,Plantae,Sapindales,Tracheophyta,Mangifera indica Wall.,7861102,Mangifera sylvatica,Mangifera indica
Rhyparida Carolina,128294180,,Index to Organism Names,,,True,,,,Rhyparida Carolina,128294180,,Rhyparida carolina
"Sternochetus mangiferae (Fabricius, 1775)",4292415,Insecta,GBIF Backbone Taxonomy,Curculionidae,Sternochetus,True,Animalia,Coleoptera,Arthropoda,"Sternochetus mangiferae (Fabricius, 1775)",4292415,Sternochetus mangiferae,Sternochetus mangiferae
Cryptorhynchus mangiferae Dejean,1194073,Insecta,GBIF Backbone Taxonomy,Curculionidae,Cryptorhynchus,True,Animalia,Coleoptera,Arthropoda,Cryptorhynchus mangiferae Dejean,1194073,Cryptorhynchus mangiferae,Cryptorhynchus mangiferae
"Semelaspidus mangiferae Takahashi, 1939",2082707,Insecta,GBIF Backbone Taxonomy,Diaspididae,Semelaspidus,True,Animalia,Hemiptera,Arthropoda,"Semelaspidus mangiferae Takahashi, 1939",2082707,Semelaspidus mangiferae,Semelaspidus mangiferae
"Pinnaspis Cockerell, 1892",2086145,Insecta,GBIF Backbone Taxonomy,Diaspididae,Pinnaspis,True,Animalia,Hemiptera,Arthropoda,"Pinnaspis Cockerell, 1892",2086145,,Pinnaspis
"Melanaspis bromiliae (Leonardi, 1899)",7450112,Insecta,GBIF Backbone Taxonomy,Diaspididae,Melanaspis,True,Animalia,Hemiptera,Arthropoda,"Melanaspis bromeliae Gill, 1997",8179871,Melanaspis bromiliae,Melanaspis bromeliae
"Radionaspis indica (Marlatt, 1908)",8302527,Insecta,GBIF Backbone Taxonomy,Diaspididae,Radionaspis,True,Animalia,Hemiptera,Arthropoda,"Radionaspis indica (Marlatt, 1908)",8302527,Radionaspis indica,Radionaspis indica
"Penicillaria jocosatrix Guenée, 1852",5112440,Insecta,GBIF Backbone Taxonomy,Noctuidae,Penicillaria,True,Animalia,Lepidoptera,Arthropoda,"Penicillaria jocosatrix Guenée, 1852",5112440,Penicillaria jocosatrix,Penicillaria jocosatrix
"Anisodes illepidaria Guenée, 1858",1966736,Insecta,GBIF Backbone Taxonomy,Geometridae,Anisodes,True,Animalia,Lepidoptera,Arthropoda,"Anisodes illepidaria Guenée, 1858",1966736,Anisodes illepidaria,Anisodes illepidaria
Eugenia malaccensis Reinw. ex Blume,7907394,Magnoliopsida,GBIF Backbone Taxonomy,Myrtaceae,Eugenia,True,Plantae,Myrtales,Tracheophyta,Eugenia malaccensis Reinw.,8543827,Eugenia malaccensis,Eugenia malaccensis
"Bactrocera ochrosiae (Malloch, 1942)",8353826,Insecta,GBIF Backbone Taxonomy,Tephritidae,Bactrocera,True,Animalia,Diptera,Arthropoda,"Dacus ochrosiae Malloch, 1942",1626713,Bactrocera ochrosiae,Dacus ochrosiae
"Trioza vitiensis (Kirkaldy, 1907)",5153672,Insecta,GBIF Backbone Taxonomy,Triozidae,Trioza,True,Animalia,Hemiptera,Arthropoda,"Trioza vitiensis (Kirkaldy, 1907)",5153672,Trioza vitiensis,Trioza vitiensis
Abelmoschus esculentus (L.) Moench,3152707,Magnoliopsida,GBIF Backbone Taxonomy,Malvaceae,Abelmoschus,True,Plantae,Malvales,Tracheophyta,Abelmoschus esculentus (L.) Moench,3152707,Abelmoschus esculentus,Abelmoschus esculentus
"Mesohomotoma hibisci (Froggatt, 1901)",2014517,Insecta,GBIF Backbone Taxonomy,Carsidaridae,Mesohomotoma,True,Animalia,Hemiptera,Arthropoda,"Mesohomotoma hibisci (Froggatt, 1901)",2014517,Mesohomotoma hibisci,Mesohomotoma hibisci
Anomis flava NPV,8576952,,GBIF Backbone Taxonomy,Baculoviridae,Nucleopolyhedrovirus,True,,,,Anomis flava NPV,8576952,Anomis flava,Anomis flava
"Earias vitella Sherborn, 1902",1803059,Insecta,GBIF Backbone Taxonomy,Nolidae,Earias,True,Animalia,Lepidoptera,Arthropoda,"Earias vitella Sherborn, 1902",1803059,Earias vitella,Earias vitella
Allium cepa L.,2857697,Liliopsida,GBIF Backbone Taxonomy,Amaryllidaceae,Allium,True,Plantae,Asparagales,Tracheophyta,Allium cepa L.,2857697,Allium cepa,Allium cepa
"Atractomorpha psittacina (Haan, 1842)",5101013,Insecta,GBIF Backbone Taxonomy,Pyrgomorphidae,Atractomorpha,True,Animalia,Orthoptera,Arthropoda,"Atractomorpha psittacina (Haan, 1842)",5101013,Atractomorpha psittacina,Atractomorpha psittacina
Carica papaya L.,2874484,Magnoliopsida,GBIF Backbone Taxonomy,Caricaceae,Carica,True,Plantae,Brassicales,Tracheophyta,Carica papaya L.,2874484,Carica papaya,Carica papaya
"Euphranta lemniscata (Enderlein, 1911)",1621932,Insecta,GBIF Backbone Taxonomy,Tephritidae,Euphranta,True,Animalia,Diptera,Arthropoda,"Euphranta lemniscata (Enderlein, 1911)",1621932,Euphranta lemniscata,Euphranta lemniscata
"Philophylla bisecta (Hardy & Adachi, 1956)",1622294,Insecta,GBIF Backbone Taxonomy,Tephritidae,Philophylla,True,Animalia,Diptera,Arthropoda,"Hendelina bisecta Hardy & Adachi, 1956",1622295,Philophylla bisecta,Hendelina bisecta
"Fulvius angustatus Usinger, 1946",7411079,Insecta,GBIF Backbone Taxonomy,Miridae,Fulvius,True,Animalia,Hemiptera,Arthropoda,"Fulvius angustatus Usinger, 1946",7411079,Fulvius angustatus,Fulvius angustatus
Ananas comosus (L.) Merr.,5288819,Liliopsida,GBIF Backbone Taxonomy,Bromeliaceae,Ananas,True,Plantae,Poales,Tracheophyta,Ananas comosus (L.) Merr.,5288819,Ananas comosus,Ananas comosus
"Diaspis bromeliae (Kerner, 1778)",8075301,Insecta,GBIF Backbone Taxonomy,Diaspididae,Diaspis,True,Animalia,Hemiptera,Arthropoda,"Diaspis bromeliae (Kerner, 1778)",8075301,Diaspis bromeliae,Diaspis bromeliae
"Teleogryllus oceanicus (Le Guillou, 1841)",1723426,Insecta,GBIF Backbone Taxonomy,Gryllidae,Teleogryllus,True,Animalia,Orthoptera,Arthropoda,"Teleogryllus oceanicus (Le Guillou, 1841)",1723426,Teleogryllus oceanicus,Teleogryllus oceanicus
Punica granatum L.,5420901,Magnoliopsida,GBIF Backbone Taxonomy,Lythraceae,Punica,True,Plantae,Myrtales,Tracheophyta,Punica granatum L.,5420901,Punica granatum,Punica granatum
Solanum etuberosum Lindl.,2930259,Magnoliopsida,GBIF Backbone Taxonomy,Solanaceae,Solanum,True,Plantae,Solanales,Tracheophyta,Solanum tuberosum Bertero ex Walp.,8290323,Solanum etuberosum,Solanum tuberosum
Raphanus sativus,3040963,Magnoliopsida,GBIF Backbone Taxonomy,Brassicaceae,Raphanus,True,Plantae,Brassicales,Tracheophyta,Raphanus sativus,3040963,Raphanus sativus,Raphanus sativus
Capsicum L.,2932937,Magnoliopsida,GBIF Backbone Taxonomy,Solanaceae,Capsicum,True,Plantae,Solanales,Tracheophyta,Capsicum L.,2932937,,Capsicum
"Chloriona Fieber, 1866",2054377,Insecta,GBIF Backbone Taxonomy,Delphacidae,Chloriona,False,Animalia,Hemiptera,Arthropoda,"Chloriona Fieber, 1866",2054377,,Chloriona formosella
Oryza sativa L.,2703459,Liliopsida,GBIF Backbone Taxonomy,Poaceae,Oryza,True,Plantae,Poales,Tracheophyta,Oryza sativa L.,2703459,Oryza sativa,Oryza sativa
Leptocorixa acuta,127776793,,Index to Organism Names,,,True,,,,Leptocorixa acuta,127776793,,Leptocorixa acuta
"Sogatella furcifera (Horváth, 1899)",4777382,Insecta,GBIF Backbone Taxonomy,Delphacidae,Sogatella,True,Animalia,Hemiptera,Arthropoda,"Sogatella furcifera (Horváth, 1899)",4777382,Sogatella furcifera,Sogatella furcifera
"Nephotettix apicalis (Motschulsky, 1859)",4290058,Insecta,GBIF Backbone Taxonomy,Cicadellidae,Nephotettix,True,Animalia,Hemiptera,Arthropoda,"Nephotettix apicalis (Motschulsky, 1859)",4290058,Nephotettix apicalis,Nephotettix apicalis
"Nilaparvata lugens (Stål, 1854)",2056628,Insecta,GBIF Backbone Taxonomy,Delphacidae,Nilaparvata,True,Animalia,Hemiptera,Arthropoda,"Nilaparvata lugens (Stål, 1854)",2056628,Nilaparvata lugens,Nilaparvata lugens
"Sthenaridea rufescens (Poppius, 1915)",4776488,Insecta,GBIF Backbone Taxonomy,Miridae,Sthenaridea,True,Animalia,Hemiptera,Arthropoda,"Orthotylellus pallescens Usinger, 1946",4776492,Sthenaridea rufescens,Orthotylellus pallescens
"Proboscidocoris malayus Reuter, 1908",6130202,Insecta,GBIF Backbone Taxonomy,Miridae,Proboscidocoris,True,Animalia,Hemiptera,Arthropoda,"Proboscidocoris malayus Reuter, 1908",6130202,Proboscidocoris malayus,Proboscidocoris malayus
,,,,,,False,,,,,,,Grammarodes geometrica
Nymphula fluctuosalis Zeller 1852,105420213,,Bishop Museum,,,True,,,,Nymphula fluctuosalis Zeller 1852,105420213,,Nymphula fluctuosalis
Mythimna loreyi,667449,Insecta,NCBI,Noctuidae,Mythimna,True,Metazoa,Lepidoptera,Arthropoda,Mythimna loreyi,667449,Mythimna loreyi,Mythimna loreyi
Susumia exigua,125628718,,Index to Organism Names,,,True,,,,Susumia exigua,125628718,,Susumia exigua
"Euconocephalus nasutus (Thunberg, 1815)",1689407,Insecta,GBIF Backbone Taxonomy,Tettigoniidae,Euconocephalus,True,Animalia,Orthoptera,Arthropoda,"Euconocephalus nasutus (Thunberg, 1815)",1689407,Euconocephalus nasutus,Euconocephalus nasutus
Bolacidothrips orizae,128157251,,Index to Organism Names,,,True,,,,Bolacidothrips orizae,128157251,,Bolacidothrips orizae
Rosa,8063096,Magnoliopsida,GBIF Backbone Taxonomy,Rosaceae,Rosa,True,Plantae,Rosales,Tracheophyta,Rosa,8063096,Rosa,Rosa
Pandanus L. f.,7541050,Liliopsida,GBIF Backbone Taxonomy,Pandanaceae,Pandanus,True,Plantae,Pandanales,Tracheophyta,Pandanus L. f.,7541050,,Pandanus
Oxycephala pandani Gressitt 1955,128109674,,Index to Organism Names,,,True,,,,Oxycephala pandani Gressitt 1955,128109674,,Oxycephala pandani
"Oxycephala Hong, 1979",6007155,Insecta,GBIF Backbone Taxonomy,,Oxycephala,False,Animalia,Hemiptera,Arthropoda,"Oxycephala Hong, 1979",6007155,,Oxycephala spaethi
"Laminicoccus pandani (Cockerell, 1895)",2094721,Insecta,GBIF Backbone Taxonomy,Pseudococcidae,Laminicoccus,True,Animalia,Hemiptera,Arthropoda,"Laminicoccus pandani (Cockerell, 1895)",2094721,Laminicoccus pandani,Laminicoccus pandani
"Turbinococcus pandanicola (Takahashi, 1941)",2095026,Insecta,GBIF Backbone Taxonomy,Pseudococcidae,Turbinococcus,True,Animalia,Hemiptera,Arthropoda,"Turbinococcus pandanicola Beardsley, 1966",7772002,Turbinococcus pandanicola,Turbinococcus pandanicola
"Myndus irreptor Fennah, 1956",7666701,Insecta,GBIF Backbone Taxonomy,Cixiidae,Myndus,True,Animalia,Hemiptera,Arthropoda,"Myndus irreptor Fennah, 1956",7666701,Myndus irreptor,Myndus irreptor
"Myndus palawanensis Muir, 1923",2058206,Insecta,GBIF Backbone Taxonomy,Cixiidae,Myndus,True,Animalia,Hemiptera,Arthropoda,"Myndus palawanensis Muir, 1923",2058206,Myndus palawanensis,Myndus palawanensis
"Swezeyaria viridana Metcalf, 1946",2061071,Insecta,GBIF Backbone Taxonomy,Tropiduchidae,Swezeyaria,True,Animalia,Hemiptera,Arthropoda,"Swezeyaria viridana Metcalf, 1946",2061071,Swezeyaria viridana,Swezeyaria viridana
"Scalabis punctatella (Melichar, 1906)",2051239,Insecta,GBIF Backbone Taxonomy,Nogodinidae,Scalabis,True,Animalia,Hemiptera,Arthropoda,"Capelopterum punctatellum Melichar, 1906",2051240,Scalabis punctatella,Capelopterum punctatellum
"Neosimmondsia esakii Takahashi, 1939",2093388,Insecta,GBIF Backbone Taxonomy,Pseudococcidae,Neosimmondsia,True,Animalia,Hemiptera,Arthropoda,"Neosimmondsia esakii Takahashi, 1939",2093388,Neosimmondsia esakii,Neosimmondsia esakii
Myndus bifurcatus Metcalf 1946,128338397,,Index to Organism Names,,,True,,,,Myndus bifurcatus Metcalf 1946,128338397,,Myndus bifurcatus
"Paralecanium carolinensis Beardsley, 1966",2091316,Insecta,GBIF Backbone Taxonomy,Coccidae,Paralecanium,True,Animalia,Hemiptera,Arthropoda,"Paralecanium carolinensis Beardsley, 1966",2091316,Paralecanium carolinensis,Paralecanium carolinensis
"Pandanicola pandani (Takahashi, 1939)",8303652,Insecta,GBIF Backbone Taxonomy,Pseudococcidae,Pandanicola,True,Animalia,Hemiptera,Arthropoda,"Pandanicola pandani Beardsley, 1966",5164008,Pandanicola pandani,Pandanicola pandani
"Nesorhamma chalcas Fennah, 1956",2061609,Insecta,GBIF Backbone Taxonomy,Derbidae,Nesorhamma,True,Animalia,Hemiptera,Arthropoda,"Nesorhamma chalcas Fennah, 1956",2061609,Nesorhamma chalcas,Nesorhamma chalcas
"Myndus dibaphus Fennah, 1956",7532763,Insecta,GBIF Backbone Taxonomy,Cixiidae,Myndus,True,Animalia,Hemiptera,Arthropoda,"Myndus dibaphus Fennah, 1956",7532763,Myndus dibaphus,Myndus dibaphus
"Laminicoccus pandanicola (Takahashi, 1939)",2094719,Insecta,GBIF Backbone Taxonomy,Pseudococcidae,Laminicoccus,True,Animalia,Hemiptera,Arthropoda,"Pseudococcus pandanicola Takahashi, 1939",2094720,Laminicoccus pandanicola,Pseudococcus pandanicola
"Batracomorphus atrifrons Metcalf, 1946",2040930,Insecta,GBIF Backbone Taxonomy,Cicadellidae,Batracomorphus,False,Animalia,Hemiptera,Arthropoda,"Batracomorphus atrifrons Metcalf, 1946",2040930,Batracomorphus atrifrons,Batrachomorphus atrifrons
"Pandanicola esakii (Takahashi, 1942)",7980864,Insecta,GBIF Backbone Taxonomy,Pseudococcidae,Pandanicola,True,Animalia,Hemiptera,Arthropoda,"Pandanicola esakii (Takahashi, 1942)",7980864,Pandanicola esakii,Pandanicola esakii
"Armacia clara (Stål, 1859)",2057572,Insecta,GBIF Backbone Taxonomy,Ricaniidae,Armacia,True,Animalia,Hemiptera,Arthropoda,"Armacia clara (Stål, 1859)",2057572,Armacia clara,Armacia clara
"Trissodoris Meyrick, 1914",1842650,Insecta,GBIF Backbone Taxonomy,Cosmopterigidae,Trissodoris,False,Animalia,Lepidoptera,Arthropoda,"Trissodoris Meyrick, 1914",1842650,,Trissodoris guamensis
"Megacrania batesii Kirby, 1896",1413767,Insecta,GBIF Backbone Taxonomy,Phasmatidae,Megacrania,True,Animalia,Phasmida,Arthropoda,"Megacrania batesii Kirby, 1896",1413767,Megacrania batesii,Megacrania batesii
Coccoloba L.,7461070,Magnoliopsida,GBIF Backbone Taxonomy,Polygonaceae,Coccoloba,True,Plantae,Caryophyllales,Tracheophyta,Coccoloba L.,7461070,,Coccoloba
Hyparrhenia dichroa (Steud.) Stapf,4147266,Liliopsida,GBIF Backbone Taxonomy,Poaceae,Hyparrhenia,True,Plantae,Poales,Tracheophyta,Sorghum bicolor Kuntze,7827588,Hyparrhenia dichroa,Sorghum bicolor
"Dysmicoccus boninsis (Kuwana, 1909)",7969793,Insecta,GBIF Backbone Taxonomy,Pseudococcidae,Dysmicoccus,True,Animalia,Hemiptera,Arthropoda,"Dysmicoccus boninsis (Kuwana, 1909)",7969793,Dysmicoccus boninsis,Dysmicoccus boninsis
"Neomaskellia bergii (Signoret, 1868)",4771618,Insecta,GBIF Backbone Taxonomy,Aleyrodidae,Neomaskellia,True,Animalia,Hemiptera,Arthropoda,"Neomaskellia bergii (Signoret, 1868)",4771618,Neomaskellia bergii,Neomaskellia bergii
"Annona Distant, 1884",3265552,Insecta,GBIF Backbone Taxonomy,Miridae,Annona,True,Animalia,Hemiptera,Arthropoda,"Annona Distant, 1884",3265552,,Annona
"Parasaissetia nigra (Nietner, 1861)",8198400,Insecta,GBIF Backbone Taxonomy,Coccidae,Parasaissetia,True,Animalia,Hemiptera,Arthropoda,"Saissetia nigra Hall, 1922",8132178,Parasaissetia nigra,Saissetia nigra
"Kallitaxila crini (Matsumura, 1914)",8142925,Insecta,GBIF Backbone Taxonomy,Tropiduchidae,Kallitaxila,True,Animalia,Hemiptera,Arthropoda,"Kallitaxila crini (Matsumura, 1914)",8142925,Kallitaxila crini,Kallitaxila crini
"Lepidosaphes palauensis Beardsley, 1966",2089286,Insecta,GBIF Backbone Taxonomy,Diaspididae,Lepidosaphes,True,Animalia,Hemiptera,Arthropoda,"Lepidosaphes palauensis Beardsley, 1966",2089286,Lepidosaphes palauensis,Lepidosaphes palauensis
Saccharum officinarum L.,2703912,Liliopsida,GBIF Backbone Taxonomy,Poaceae,Saccharum,True,Plantae,Poales,Tracheophyta,Saccharum officinarum L.,2703912,Saccharum officinarum,Saccharum officinarum
"Anoronotum rufum Arrow, 1939",1075692,Insecta,GBIF Backbone Taxonomy,Dynastidae,Anoronotum,True,Animalia,Coleoptera,Arthropoda,"Anoronotum rufum Arrow, 1939",1075692,Anoronotum rufum,Anoronotum rufum
"Gonocephalum Solier, 1834",1045882,Insecta,GBIF Backbone Taxonomy,Tenebrionidae,Gonocephalum,True,Animalia,Coleoptera,Arthropoda,"Gonocephalum Solier, 1834",1045882,,Gonocephalum
"Aspidiella sacchari (Cockerell, 1893)",2083429,Insecta,GBIF Backbone Taxonomy,Diaspididae,Aspidiella,True,Animalia,Hemiptera,Arthropoda,"Aspidiella sacchari (Cockerell, 1893)",2083429,Aspidiella sacchari,Aspidiella sacchari
"Odonaspis saccharicaulis (Zehntner, 1897)",7825135,Insecta,GBIF Backbone Taxonomy,Diaspididae,Odonaspis,True,Animalia,Hemiptera,Arthropoda,"Odonaspis saccharicaulis Ben-Dov, 1988",8345119,Odonaspis saccharicaulis,Odonaspis saccharicaulis
"Raivuna graminea (Fabricius, 1803)",2052566,Insecta,GBIF Backbone Taxonomy,Dictyopharidae,Raivuna,True,Animalia,Hemiptera,Arthropoda,"Chanithus gramineus (Fabricius, 1803)",2052567,Raivuna graminea,Chanithus gramineus
"Ugyops annulipes (Stål, 1854)",8144750,Insecta,GBIF Backbone Taxonomy,Delphacidae,Ugyops,True,Animalia,Hemiptera,Arthropoda,"Ugyops annulipes (Stål, 1854)",8144750,Ugyops annulipes,Ugyops annulipes
"Aulacaspis madiunensis (Zehntner, 1898)",2087713,Insecta,GBIF Backbone Taxonomy,Diaspididae,Aulacaspis,True,Animalia,Hemiptera,Arthropoda,"Aulacaspis madiunensis (Zehntner, 1898)",2087713,Aulacaspis madiunensis,Aulacaspis madiunensis
"Aulacaspis tegalensis (Zehntner, 1898)",8253812,Insecta,GBIF Backbone Taxonomy,Diaspididae,Aulacaspis,True,Animalia,Hemiptera,Arthropoda,"Aulacaspis tegalensis (Zehntner, 1898)",8253812,Aulacaspis tegalensis,Aulacaspis tegalensis
"Perkinsiella thompsoni Muir, 1913",5156511,Insecta,GBIF Backbone Taxonomy,Delphacidae,Perkinsiella,True,Animalia,Hemiptera,Arthropoda,"Perkinsiella thompsoni Muir, 1913",5156511,Perkinsiella thompsoni,Perkinsiella thompsoni
Ipomoea batatas (L.) Lam.,2928551,Magnoliopsida,GBIF Backbone Taxonomy,Convolvulaceae,Ipomoea,True,Plantae,Solanales,Tracheophyta,Ipomoea batatas (L.) Poir.,7624566,Ipomoea batatas,Ipomoea batatas
"Nanyozo viridilineatus Kono, 1942",7733031,Insecta,GBIF Backbone Taxonomy,Curculionidae,Nanyozo,False,Animalia,Coleoptera,Arthropoda,"Nanyozo viridilineatus Kono, 1942",7733031,Nanyozo viridilineatus,Nanyozo viridipictus
Colasposoma metallicum,129578798,,Index to Organism Names,,,True,,,,Colasposoma metallicum,129578798,,Colasposoma metallicum
"Cryptorhynchus postfasciatus Fairmaire, 1849",1194463,Insecta,GBIF Backbone Taxonomy,Curculionidae,Cryptorhynchus,True,Animalia,Coleoptera,Arthropoda,"Euscepes postfasciatus (Fairmaire, 1849)",4292199,Cryptorhynchus postfasciatus,Euscepes postfasciatus
"Sphaeropterus Guérin-Ménéville in Duperry, 1838",1191527,Insecta,GBIF Backbone Taxonomy,Curculionidae,Sphaeropterus,True,Animalia,Coleoptera,Arthropoda,"Sphaeropterus Guérin-Ménéville in Duperry, 1838",1191527,,Sphaeropterus
"Cylas formicarius (Fabricius, 1798)",1171601,Insecta,GBIF Backbone Taxonomy,Brentidae,Cylas,True,Animalia,Coleoptera,Arthropoda,"Cylas formicarius (Fabricius, 1798)",1171601,Cylas formicarius,Cylas formicarius
"Chaetocnema confinis Crotch, 1873",4990564,Insecta,GBIF Backbone Taxonomy,Chrysomelidae,Chaetocnema,True,Animalia,Coleoptera,Arthropoda,"Chaetocnema confinis Crotch, 1873",4990564,Chaetocnema confinis,Chaetocnema confinis
Metriona circumdata,126498746,,Index to Organism Names,,,True,,,,Metriona circumdata,126498746,,Metriona circumdata
"Zanchius fragilis Usinger, 1946",7747800,Insecta,GBIF Backbone Taxonomy,Miridae,Zanchius,True,Animalia,Hemiptera,Arthropoda,"Zanchius fragilis Usinger, 1946",7747800,Zanchius fragilis,Zanchius fragilis
"Lepidosaphes Shimer, 1898",2088966,Insecta,GBIF Backbone Taxonomy,Diaspididae,Lepidosaphes,True,Animalia,Hemiptera,Arthropoda,"Lepidosaphes Shimer, 1898",2088966,,Lepidosaphes
"Pachyzancla Meyrick, 1884",4705014,Insecta,GBIF Backbone Taxonomy,,Pachyzancla,False,Animalia,Lepidoptera,Arthropoda,"Pachyzancla Meyrick, 1884",4705014,,Pachyzancla nipponalis
Precis villida,127591809,,Index to Organism Names,,,True,,,,Precis villida,127591809,,Precis villida
"Hypolimnas bolina Linnaeus, 1758",1910629,Insecta,GBIF Backbone Taxonomy,Nymphalidae,Hypolimnas,True,Animalia,Lepidoptera,Arthropoda,"Hypolimnas bolina Linnaeus, 1758",1910629,Hypolimnas bolina,Hypolimnas bolina
"Hippotion swinhoei Moore, 1862",1862290,Insecta,GBIF Backbone Taxonomy,Sphingidae,Hippotion,True,Animalia,Lepidoptera,Arthropoda,"Hippotion swinhoei Moore, 1862",1862290,Hippotion swinhoei,Hippotion swinhoei
"Gryllotalpa Latreille, 1802",1716116,Insecta,GBIF Backbone Taxonomy,Gryllotalpidae,Gryllotalpa,True,Animalia,Orthoptera,Arthropoda,"Gryllotalpa Latreille, 1802",1716116,,Gryllotalpa
Colocasia esculenta (L.) Schott,5330776,Liliopsida,GBIF Backbone Taxonomy,Araceae,Colocasia,True,Plantae,Alismatales,Tracheophyta,Colocasia esculenta (L.) Schott,5330776,Colocasia esculenta,Colocasia esculenta
"Atactus deplanatus Faust, J., 1897",5021658,Insecta,GBIF Backbone Taxonomy,Curculionidae,Atactus,True,Animalia,Coleoptera,Arthropoda,"Atactus deplanatus Faust, J., 1897",5021658,Atactus deplanatus,Atactus deplanatus
"Tarophagus proserpina (Kirkaldy, 1907)",2054155,Insecta,GBIF Backbone Taxonomy,Delphacidae,Tarophagus,True,Animalia,Hemiptera,Arthropoda,"Tarophagus proserpina (Kirkaldy, 1907)",2054155,Tarophagus proserpina,Tarophagus proserpina
"Hippotion celerio Linnaeus, 1758",1862293,Insecta,GBIF Backbone Taxonomy,Sphingidae,Hippotion,True,Animalia,Lepidoptera,Arthropoda,"Hippotion celerio Linnaeus, 1758",1862293,Hippotion celerio,Hippotion celerio
"Theretra pinastrina Martyn, 1797",1862478,Insecta,GBIF Backbone Taxonomy,Sphingidae,Theretra,True,Animalia,Lepidoptera,Arthropoda,"Theretra pinastrina Martyn, 1797",1862478,Theretra pinastrina,Theretra pinastrina
Cyrtosperma Griff.,2871901,Liliopsida,GBIF Backbone Taxonomy,Araceae,Cyrtosperma,True,Plantae,Alismatales,Tracheophyta,Cyrtosperma Griff.,2871901,,Cyrtosperma
"Pseudococcus macrocirculus Beardsley, 1966",2095250,Insecta,GBIF Backbone Taxonomy,Pseudococcidae,Pseudococcus,True,Animalia,Hemiptera,Arthropoda,"Pseudococcus macrocirculus Beardsley, 1966",2095250,Pseudococcus macrocirculus,Pseudococcus macrocirculus
Solanum lycopersicum L.,2930137,Magnoliopsida,GBIF Backbone Taxonomy,Solanaceae,Solanum,True,Plantae,Solanales,Tracheophyta,Lycopersicon esculentum Mill.,2930181,Solanum lycopersicum,Lycopersicon esculentum
"Nesidiocoris tenuis (Reuter, 1895)",2009189,Insecta,GBIF Backbone Taxonomy,Miridae,Nesidiocoris,True,Animalia,Hemiptera,Arthropoda,"Cyrtopeltis tenuis Reuter, 1895",2009190,Nesidiocoris tenuis,Cyrtopeltis tenuis
Nesophrosyne argentatus,4775334,Insecta,GBIF Backbone Taxonomy,Cicadellidae,Nesophrosyne,True,Animalia,Hemiptera,Arthropoda,Nesophrosyne argentatus,4775334,Nesophrosyne argentatus,Nesophrosyne argentatus
Terminalia L.,3189387,Magnoliopsida,GBIF Backbone Taxonomy,Combretaceae,Terminalia,True,Plantae,Myrtales,Tracheophyta,Terminalia L.,3189387,,Terminalia
"Trigonops Guérin-Ménéville, 1841",1225109,Insecta,GBIF Backbone Taxonomy,Curculionidae,Trigonops,False,Animalia,Coleoptera,Arthropoda,"Trigonops Guérin-Ménéville, 1841",1225109,,Trigonops vulgaris
"Dialeurodes kirkaldyi (Kotinsky, 1907)",2012142,Insecta,GBIF Backbone Taxonomy,Aleyrodidae,Dialeurodes,True,Animalia,Hemiptera,Arthropoda,"Dialeurodes kirkaldyi (Kotinsky, 1907)",2012142,Dialeurodes kirkaldyi,Dialeurodes kirkaldyi
"Badamia exclamationis Fabricius, 1775",5142067,Insecta,GBIF Backbone Taxonomy,Hesperiidae,Badamia,True,Animalia,Lepidoptera,Arthropoda,"Badamia exclamationis Fabricius, 1775",5142067,Badamia exclamationis,Badamia exclamationis
"Anua coronata Fabricius, 1775",1779516,Insecta,GBIF Backbone Taxonomy,Noctuidae,Anua,True,Animalia,Lepidoptera,Arthropoda,"Anua coronata Fabricius, 1775",1779516,Anua coronata,Anua coronata
Psophocarpus tetragonolobus (L.) DC.,2944683,Magnoliopsida,GBIF Backbone Taxonomy,Fabaceae,Psophocarpus,False,Plantae,Fabales,Tracheophyta,Psophocarpus tetragonolobus (L.) DC.,2944683,Psophocarpus tetragonolobus,Psophocarpus tetragonalubus
"Tetranychus neocaledonicus André, 1933",2130146,Arachnida,GBIF Backbone Taxonomy,Tetranychidae,Tetranychus,True,Animalia,Prostigmata,Arthropoda,"Tetranychus neocaledonicus André, 1933",2130146,Tetranychus neocaledonicus,Tetranychus neocaledonicus
Dioscorea,8223036,Liliopsida,GBIF Backbone Taxonomy,Dioscoreaceae,Dioscorea,True,Plantae,Dioscoreales,Tracheophyta,Dioscorea,8223036,Dioscorea,Dioscorea
"Theretra nessus Drury, 1773",1862475,Insecta,GBIF Backbone Taxonomy,Sphingidae,Theretra,True,Animalia,Lepidoptera,Arthropoda,"Theretra nessus Drury, 1773",1862475,Theretra nessus,Theretra nessus
