ID,island,new_island_record,scientificName
d446875b852b4f68927b2daf5273b724,Yap State,,Aonidiella orientalis
d446875b852b4f68927b2daf5273b724,Saipan,,Aonidiella orientalis
d446875b852b4f68927b2daf5273b724,Tinian,,Aonidiella orientalis
d446875b852b4f68927b2daf5273b724,Rota,,Aonidiella orientalis
d446875b852b4f68927b2daf5273b724,Guam,,Aonidiella orientalis
607bf546c99a45d1afd51bc6117496ee,Saipan,,Dysmicoccus neobrevipes
607bf546c99a45d1afd51bc6117496ee,Tinian,,Dysmicoccus neobrevipes
607bf546c99a45d1afd51bc6117496ee,Rota,,Dysmicoccus neobrevipes
607bf546c99a45d1afd51bc6117496ee,Guam,,Dysmicoccus neobrevipes
c6276877a98a4b99b59a37e0a9846eb5,Republic of Palau,,Trigonops
c6276877a98a4b99b59a37e0a9846eb5,Yap State,,Trigonops
c6276877a98a4b99b59a37e0a9846eb5,Chuuk State,,Trigonops
c6276877a98a4b99b59a37e0a9846eb5,Pohnpei State,,Trigonops
c6276877a98a4b99b59a37e0a9846eb5,Saipan,,Trigonops
c6276877a98a4b99b59a37e0a9846eb5,Tinian,,Trigonops
c6276877a98a4b99b59a37e0a9846eb5,Rota,,Trigonops
c6276877a98a4b99b59a37e0a9846eb5,Guam,,Trigonops
803dbc2c4c414b90bfd4fc0772298f7e,Saipan,,Phytorus lineolatus
803dbc2c4c414b90bfd4fc0772298f7e,Tinian,,Phytorus lineolatus
803dbc2c4c414b90bfd4fc0772298f7e,Rota,,Phytorus lineolatus
803dbc2c4c414b90bfd4fc0772298f7e,Guam,,Phytorus lineolatus
adde4dba6098404bbb85139bf6afba67,Republic of Palau,,Xyleborus fornicatus
adde4dba6098404bbb85139bf6afba67,Yap State,,Xyleborus fornicatus
adde4dba6098404bbb85139bf6afba67,Pohnpei State,,Xyleborus fornicatus
a78493d31c8647948f502dac0c3f5313,Saipan,,Dacus cucurbitae
a78493d31c8647948f502dac0c3f5313,Tinian,,Dacus cucurbitae
a78493d31c8647948f502dac0c3f5313,Rota,,Dacus cucurbitae
a78493d31c8647948f502dac0c3f5313,Guam,,Dacus cucurbitae
45262e055b224612b7673a136060f752,Republic of Palau,,Hemiberlesia palmae
45262e055b224612b7673a136060f752,Yap State,,Hemiberlesia palmae
45262e055b224612b7673a136060f752,Chuuk State,,Hemiberlesia palmae
45262e055b224612b7673a136060f752,Pohnpei State,,Hemiberlesia palmae
45262e055b224612b7673a136060f752,Kosrae State,,Hemiberlesia palmae
45262e055b224612b7673a136060f752,Saipan,,Hemiberlesia palmae
45262e055b224612b7673a136060f752,Tinian,,Hemiberlesia palmae
45262e055b224612b7673a136060f752,Rota,,Hemiberlesia palmae
45262e055b224612b7673a136060f752,Guam,,Hemiberlesia palmae
d3d7f0ae5b5049f7beabd9815437eb35,Republic of Palau,,Ceroplastes floridensis
d3d7f0ae5b5049f7beabd9815437eb35,Pohnpei State,,Ceroplastes floridensis
d3d7f0ae5b5049f7beabd9815437eb35,Saipan,,Ceroplastes floridensis
d3d7f0ae5b5049f7beabd9815437eb35,Tinian,,Ceroplastes floridensis
d3d7f0ae5b5049f7beabd9815437eb35,Rota,,Ceroplastes floridensis
d3d7f0ae5b5049f7beabd9815437eb35,Guam,,Ceroplastes floridensis
77a020f8cfbf43e2ae067693aa422715,Republic of Palau,,Coccus longulus
77a020f8cfbf43e2ae067693aa422715,Saipan,,Coccus longulus
77a020f8cfbf43e2ae067693aa422715,Tinian,,Coccus longulus
77a020f8cfbf43e2ae067693aa422715,Rota,,Coccus longulus
77a020f8cfbf43e2ae067693aa422715,Guam,,Coccus longulus
c66a2a579801401982b115fb896a8478,Republic of Palau,,Eucalymnatus tessellatus
c66a2a579801401982b115fb896a8478,Yap State,new island record,Eucalymnatus tessellatus
c66a2a579801401982b115fb896a8478,Chuuk State,,Eucalymnatus tessellatus
c66a2a579801401982b115fb896a8478,Pohnpei State,,Eucalymnatus tessellatus
c66a2a579801401982b115fb896a8478,Kosrae State,,Eucalymnatus tessellatus
7d50da0d4a1c4adfb2168d6da2d2fac0,Republic of Palau,,Hemiberlesia lataniae
7d50da0d4a1c4adfb2168d6da2d2fac0,Yap State,,Hemiberlesia lataniae
7d50da0d4a1c4adfb2168d6da2d2fac0,Chuuk State,,Hemiberlesia lataniae
7d50da0d4a1c4adfb2168d6da2d2fac0,Pohnpei State,,Hemiberlesia lataniae
7d50da0d4a1c4adfb2168d6da2d2fac0,Kosrae State,,Hemiberlesia lataniae
7d50da0d4a1c4adfb2168d6da2d2fac0,Saipan,,Hemiberlesia lataniae
7d50da0d4a1c4adfb2168d6da2d2fac0,Tinian,,Hemiberlesia lataniae
7d50da0d4a1c4adfb2168d6da2d2fac0,Rota,,Hemiberlesia lataniae
7d50da0d4a1c4adfb2168d6da2d2fac0,Guam,,Hemiberlesia lataniae
134d5f9120c346e1b933ca3cfb4559b8,Republic of Palau,,Aspidiotus destructor
134d5f9120c346e1b933ca3cfb4559b8,Yap State,,Aspidiotus destructor
134d5f9120c346e1b933ca3cfb4559b8,Chuuk State,,Aspidiotus destructor
134d5f9120c346e1b933ca3cfb4559b8,Pohnpei State,,Aspidiotus destructor
134d5f9120c346e1b933ca3cfb4559b8,Saipan,,Aspidiotus destructor
134d5f9120c346e1b933ca3cfb4559b8,Tinian,,Aspidiotus destructor
134d5f9120c346e1b933ca3cfb4559b8,Rota,,Aspidiotus destructor
134d5f9120c346e1b933ca3cfb4559b8,Guam,,Aspidiotus destructor
1664ed0986f64d1d83d70675bd28c94c,Chuuk State,,Pseudococcus longispinus
fcdd1491c81c41d5b735cfee2e9be260,Republic of Palau,,Icerya seychellarum
fcdd1491c81c41d5b735cfee2e9be260,Yap State,,Icerya seychellarum
36e88fa76a9b43cf94ca62474d37a28b,Yap State,,Aspidiotus spinosus
fc5c46db6960461f862d23fef4356449,Republic of Palau,,Icerya aegyptiaca
fc5c46db6960461f862d23fef4356449,Yap State,,Icerya aegyptiaca
fc5c46db6960461f862d23fef4356449,Chuuk State,,Icerya aegyptiaca
fc5c46db6960461f862d23fef4356449,Pohnpei State,,Icerya aegyptiaca
fc5c46db6960461f862d23fef4356449,Saipan,,Icerya aegyptiaca
fc5c46db6960461f862d23fef4356449,Tinian,,Icerya aegyptiaca
fc5c46db6960461f862d23fef4356449,Rota,,Icerya aegyptiaca
fc5c46db6960461f862d23fef4356449,Guam,,Icerya aegyptiaca
47adba70639049eca45dc4f4e20dd390,Republic of Palau,new island record,Selenothrips rubrocinctus
47adba70639049eca45dc4f4e20dd390,Yap State,new island record,Selenothrips rubrocinctus
47adba70639049eca45dc4f4e20dd390,Chuuk State,new island record,Selenothrips rubrocinctus
47adba70639049eca45dc4f4e20dd390,Pohnpei State,,Selenothrips rubrocinctus
47adba70639049eca45dc4f4e20dd390,Saipan,,Selenothrips rubrocinctus
47adba70639049eca45dc4f4e20dd390,Tinian,,Selenothrips rubrocinctus
47adba70639049eca45dc4f4e20dd390,Rota,,Selenothrips rubrocinctus
47adba70639049eca45dc4f4e20dd390,Guam,,Selenothrips rubrocinctus
2a8287357a414fbab0fb09e1d1106d93,Saipan,,Anomala sulcatula
2a8287357a414fbab0fb09e1d1106d93,Tinian,,Anomala sulcatula
2a8287357a414fbab0fb09e1d1106d93,Rota,,Anomala sulcatula
2a8287357a414fbab0fb09e1d1106d93,Guam,,Anomala sulcatula
ce4dc57ee327424f8bea7f78ca4eee91,Saipan,,Chlorophorus annularis
ce4dc57ee327424f8bea7f78ca4eee91,Tinian,,Chlorophorus annularis
ce4dc57ee327424f8bea7f78ca4eee91,Rota,,Chlorophorus annularis
ce4dc57ee327424f8bea7f78ca4eee91,Guam,,Chlorophorus annularis
d51c31170c1744d8ae1076116259443d,Guam,,Pseudoloxops bifasciatus
d51c31170c1744d8ae1076116259443d,Rota,,Pseudoloxops bifasciatus
3f82ac35bb0a46d7b30bc30fd35ea594,Republic of Palau,,Asterolecanium robustum
3f82ac35bb0a46d7b30bc30fd35ea594,Pohnpei State,,Asterolecanium robustum
3f82ac35bb0a46d7b30bc30fd35ea594,Guam,,Asterolecanium robustum
6fe1c3ab9d604567a526a31e84e718ab,Republic of Palau,,Asterolecanium bambusae
6fe1c3ab9d604567a526a31e84e718ab,Chuuk State,new island record,Asterolecanium bambusae
6fe1c3ab9d604567a526a31e84e718ab,Saipan,,Asterolecanium bambusae
6fe1c3ab9d604567a526a31e84e718ab,Tinian,,Asterolecanium bambusae
6fe1c3ab9d604567a526a31e84e718ab,Rota,,Asterolecanium bambusae
6fe1c3ab9d604567a526a31e84e718ab,Guam,,Asterolecanium bambusae
65df07dd55544df3af193dd9ad124cd7,Pohnpei State,,Asterolecanium pseudomiliaris
65df07dd55544df3af193dd9ad124cd7,Guam,,Asterolecanium pseudomiliaris
84217eb3908543b0bbb893532cd7aaae,Pohnpei State,,Asterolecanium pseudolanceolatum
3abb24bd209845e5a94fe218ea4cf132,Republic of Palau,,Asterolecanium coronatum
e7073a93379f4b3694b79bc6c0515629,Republic of Palau,,Asterolecanium miliaris
e7073a93379f4b3694b79bc6c0515629,Pohnpei State,,Asterolecanium miliaris
e7073a93379f4b3694b79bc6c0515629,Saipan,,Asterolecanium miliaris
e7073a93379f4b3694b79bc6c0515629,Tinian,,Asterolecanium miliaris
e7073a93379f4b3694b79bc6c0515629,Rota,,Asterolecanium miliaris
e7073a93379f4b3694b79bc6c0515629,Guam,,Asterolecanium miliaris
16b001f3da434c02857db689a36408b5,Republic of Palau,,Adoretus sinicus
16b001f3da434c02857db689a36408b5,Saipan,,Adoretus sinicus
16b001f3da434c02857db689a36408b5,Tinian,,Adoretus sinicus
16b001f3da434c02857db689a36408b5,Rota,,Adoretus sinicus
16b001f3da434c02857db689a36408b5,Guam,,Adoretus sinicus
5e7bfe97aa2e40898e75ce392e668f02,Pohnpei State,new island record,Cosmopolites sordidus
5e7bfe97aa2e40898e75ce392e668f02,Saipan,,Cosmopolites sordidus
5e7bfe97aa2e40898e75ce392e668f02,Tinian,,Cosmopolites sordidus
5e7bfe97aa2e40898e75ce392e668f02,Rota,,Cosmopolites sordidus
5e7bfe97aa2e40898e75ce392e668f02,Guam,,Cosmopolites sordidus
8c51efbd8e554409bcc23649354f3c9a,Saipan,,Polytus mellerborgi
8c51efbd8e554409bcc23649354f3c9a,Tinian,,Polytus mellerborgi
8c51efbd8e554409bcc23649354f3c9a,Rota,,Polytus mellerborgi
8c51efbd8e554409bcc23649354f3c9a,Guam,,Polytus mellerborgi
a4e1891e72af420486fbb20f25b59d0a,Republic of Palau,,Leptoglossus australis
a4e1891e72af420486fbb20f25b59d0a,Pohnpei State,,Leptoglossus australis
a4e1891e72af420486fbb20f25b59d0a,Saipan,,Leptoglossus australis
a4e1891e72af420486fbb20f25b59d0a,Tinian,,Leptoglossus australis
a4e1891e72af420486fbb20f25b59d0a,Rota,,Leptoglossus australis
a4e1891e72af420486fbb20f25b59d0a,Guam,,Leptoglossus australis
ee80c084aa1b4f42815e8aef4f6ffb93,Republic of Palau,,Planococcus citri
ee80c084aa1b4f42815e8aef4f6ffb93,Yap State,,Planococcus citri
ee80c084aa1b4f42815e8aef4f6ffb93,Chuuk State,,Planococcus citri
ee80c084aa1b4f42815e8aef4f6ffb93,Pohnpei State,,Planococcus citri
ee80c084aa1b4f42815e8aef4f6ffb93,Kosrae State,,Planococcus citri
ee80c084aa1b4f42815e8aef4f6ffb93,Saipan,,Planococcus citri
ee80c084aa1b4f42815e8aef4f6ffb93,Tinian,,Planococcus citri
ee80c084aa1b4f42815e8aef4f6ffb93,Rota,,Planococcus citri
ee80c084aa1b4f42815e8aef4f6ffb93,Guam,,Planococcus citri
c4343af3e0f248e8bced784a9cbe0690,Republic of Palau,,Aspidiotus excisus
c4343af3e0f248e8bced784a9cbe0690,Saipan,,Aspidiotus excisus
c4343af3e0f248e8bced784a9cbe0690,Tinian,,Aspidiotus excisus
c4343af3e0f248e8bced784a9cbe0690,Rota,,Aspidiotus excisus
77e89c5949db4a57b53aa5dcc639efc6,Republic of Palau,,Ferrisia virgata
77e89c5949db4a57b53aa5dcc639efc6,Yap State,,Ferrisia virgata
77e89c5949db4a57b53aa5dcc639efc6,Chuuk State,,Ferrisia virgata
77e89c5949db4a57b53aa5dcc639efc6,Pohnpei State,,Ferrisia virgata
77e89c5949db4a57b53aa5dcc639efc6,Saipan,,Ferrisia virgata
77e89c5949db4a57b53aa5dcc639efc6,Tinian,,Ferrisia virgata
77e89c5949db4a57b53aa5dcc639efc6,Rota,,Ferrisia virgata
77e89c5949db4a57b53aa5dcc639efc6,Guam,,Ferrisia virgata
36cbbd0ab2aa4b8c8c268286100e3d71,Republic of Palau,,Proutista moesta
36cbbd0ab2aa4b8c8c268286100e3d71,Pohnpei State,new island record,Proutista moesta
36cbbd0ab2aa4b8c8c268286100e3d71,Saipan,,Proutista moesta
36cbbd0ab2aa4b8c8c268286100e3d71,Tinian,,Proutista moesta
36cbbd0ab2aa4b8c8c268286100e3d71,Rota,,Proutista moesta
36cbbd0ab2aa4b8c8c268286100e3d71,Guam,,Proutista moesta
40a65efe5ca34194b63adb08bc8a5c96,Republic of Palau,,Lamenia caliginea
40a65efe5ca34194b63adb08bc8a5c96,Yap State,,Lamenia caliginea
40a65efe5ca34194b63adb08bc8a5c96,Chuuk State,,Lamenia caliginea
40a65efe5ca34194b63adb08bc8a5c96,Pohnpei State,,Lamenia caliginea
40a65efe5ca34194b63adb08bc8a5c96,Kosrae State,,Lamenia caliginea
40a65efe5ca34194b63adb08bc8a5c96,Saipan,,Lamenia caliginea
40a65efe5ca34194b63adb08bc8a5c96,Tinian,,Lamenia caliginea
40a65efe5ca34194b63adb08bc8a5c96,Rota,,Lamenia caliginea
40a65efe5ca34194b63adb08bc8a5c96,Guam,,Lamenia caliginea
7577dce61e2e4eec87a686f137532421,Republic of Palau,,Ischnaspis longirostris
7577dce61e2e4eec87a686f137532421,Guam,,Ischnaspis longirostris
a7d8ae00af5a43ba99e142307d01f89b,Chuuk State,,Pseudococcus microadonidum
a7d8ae00af5a43ba99e142307d01f89b,Pohnpei State,,Pseudococcus microadonidum
2502afb2973e4be9a8d32547c0fc4fa9,Chuuk State,,Pseudococcus orchidicola
2502afb2973e4be9a8d32547c0fc4fa9,Kosrae State,,Pseudococcus orchidicola
2502afb2973e4be9a8d32547c0fc4fa9,Saipan,,Pseudococcus orchidicola
2502afb2973e4be9a8d32547c0fc4fa9,Tinian,,Pseudococcus orchidicola
2502afb2973e4be9a8d32547c0fc4fa9,Rota,,Pseudococcus orchidicola
6c44ee13277d485a9a2c901810839be2,Republic of Palau,,Diaspis boisduvalii
f573c04a51864051a9e697d8c97ac119,Republic of Palau,,Saissetia coffeae
f573c04a51864051a9e697d8c97ac119,Yap State,,Saissetia coffeae
f573c04a51864051a9e697d8c97ac119,Chuuk State,,Saissetia coffeae
f573c04a51864051a9e697d8c97ac119,Pohnpei State,,Saissetia coffeae
f573c04a51864051a9e697d8c97ac119,Saipan,,Saissetia coffeae
f573c04a51864051a9e697d8c97ac119,Tinian,,Saissetia coffeae
f573c04a51864051a9e697d8c97ac119,Rota,,Saissetia coffeae
f573c04a51864051a9e697d8c97ac119,Guam,,Saissetia coffeae
b586e60cf3e940f6bd3ad1dbb2a1b394,Republic of Palau,,Chrysomphalus dictyospermi
b586e60cf3e940f6bd3ad1dbb2a1b394,Chuuk State,,Chrysomphalus dictyospermi
b586e60cf3e940f6bd3ad1dbb2a1b394,Saipan,,Chrysomphalus dictyospermi
b586e60cf3e940f6bd3ad1dbb2a1b394,Tinian,,Chrysomphalus dictyospermi
b586e60cf3e940f6bd3ad1dbb2a1b394,Rota,,Chrysomphalus dictyospermi
b586e60cf3e940f6bd3ad1dbb2a1b394,Guam,,Chrysomphalus dictyospermi
ab15a31bf60b4180a974c4f982a5e92b,Republic of Palau,,Coccus viridis
ab15a31bf60b4180a974c4f982a5e92b,Yap State,,Coccus viridis
ab15a31bf60b4180a974c4f982a5e92b,Chuuk State,,Coccus viridis
ab15a31bf60b4180a974c4f982a5e92b,Pohnpei State,,Coccus viridis
ab15a31bf60b4180a974c4f982a5e92b,Kosrae State,new island record,Coccus viridis
ab15a31bf60b4180a974c4f982a5e92b,Saipan,,Coccus viridis
ab15a31bf60b4180a974c4f982a5e92b,Tinian,,Coccus viridis
ab15a31bf60b4180a974c4f982a5e92b,Rota,,Coccus viridis
ab15a31bf60b4180a974c4f982a5e92b,Guam,,Coccus viridis
4cabe552a4f440f980dab351f38661eb,Republic of Palau,,Coccus hesperidum
4cabe552a4f440f980dab351f38661eb,Yap State,,Coccus hesperidum
4cabe552a4f440f980dab351f38661eb,Chuuk State,,Coccus hesperidum
4cabe552a4f440f980dab351f38661eb,Saipan,,Coccus hesperidum
4cabe552a4f440f980dab351f38661eb,Tinian,,Coccus hesperidum
4cabe552a4f440f980dab351f38661eb,Rota,,Coccus hesperidum
4cabe552a4f440f980dab351f38661eb,Guam,,Coccus hesperidum
9f3ddd248090498fa8babef83f1cced4,Republic of Palau,,Steatococcus samaraius
9f3ddd248090498fa8babef83f1cced4,Yap State,,Steatococcus samaraius
9f3ddd248090498fa8babef83f1cced4,Guam,,Steatococcus samaraius
1b1a56c513054d749a9d0e0002dc7ba1,Republic of Palau,,Aonidiella inornata
1b1a56c513054d749a9d0e0002dc7ba1,Yap State,,Aonidiella inornata
1b1a56c513054d749a9d0e0002dc7ba1,Chuuk State,,Aonidiella inornata
1b1a56c513054d749a9d0e0002dc7ba1,Pohnpei State,,Aonidiella inornata
1b1a56c513054d749a9d0e0002dc7ba1,Kosrae State,,Aonidiella inornata
1b1a56c513054d749a9d0e0002dc7ba1,Guam,,Aonidiella inornata
579abaa306c14ac2a3bed67a78187dbd,Republic of Palau,,Aonidiella aurantii
579abaa306c14ac2a3bed67a78187dbd,Chuuk State,,Aonidiella aurantii
579abaa306c14ac2a3bed67a78187dbd,Mariana Islands,,Aonidiella aurantii
7b295935a65340dfa12f794943810cd5,Republic of Palau,,Pentalonia nigronervosa
7b295935a65340dfa12f794943810cd5,Yap State,,Pentalonia nigronervosa
7b295935a65340dfa12f794943810cd5,Chuuk State,,Pentalonia nigronervosa
7b295935a65340dfa12f794943810cd5,Pohnpei State,,Pentalonia nigronervosa
7b295935a65340dfa12f794943810cd5,Kosrae State,new island record,Pentalonia nigronervosa
7b295935a65340dfa12f794943810cd5,Saipan,,Pentalonia nigronervosa
7b295935a65340dfa12f794943810cd5,Tinian,,Pentalonia nigronervosa
7b295935a65340dfa12f794943810cd5,Rota,,Pentalonia nigronervosa
7b295935a65340dfa12f794943810cd5,Guam,,Pentalonia nigronervosa
fccf85ee91a84e03aa00a6b1572cd27e,Republic of Palau,,Aphis gossypii
fccf85ee91a84e03aa00a6b1572cd27e,Yap State,,Aphis gossypii
fccf85ee91a84e03aa00a6b1572cd27e,Chuuk State,,Aphis gossypii
fccf85ee91a84e03aa00a6b1572cd27e,Pohnpei State,,Aphis gossypii
fccf85ee91a84e03aa00a6b1572cd27e,Kosrae State,,Aphis gossypii
fccf85ee91a84e03aa00a6b1572cd27e,Saipan,,Aphis gossypii
fccf85ee91a84e03aa00a6b1572cd27e,Tinian,,Aphis gossypii
fccf85ee91a84e03aa00a6b1572cd27e,Rota,,Aphis gossypii
fccf85ee91a84e03aa00a6b1572cd27e,Guam,,Aphis gossypii
b8b8b53ecbcb4c33aa82888e609fee2b,Republic of Palau,,Spodoptera litura
b8b8b53ecbcb4c33aa82888e609fee2b,Yap State,,Spodoptera litura
b8b8b53ecbcb4c33aa82888e609fee2b,Chuuk State,,Spodoptera litura
b8b8b53ecbcb4c33aa82888e609fee2b,Pohnpei State,,Spodoptera litura
b8b8b53ecbcb4c33aa82888e609fee2b,Kosrae State,,Spodoptera litura
b8b8b53ecbcb4c33aa82888e609fee2b,Saipan,,Spodoptera litura
b8b8b53ecbcb4c33aa82888e609fee2b,Tinian,,Spodoptera litura
b8b8b53ecbcb4c33aa82888e609fee2b,Rota,,Spodoptera litura
b8b8b53ecbcb4c33aa82888e609fee2b,Guam,,Spodoptera litura
c79921e42d0f44f783e2c3297bc02093,Saipan,,Erionota thrax
c79921e42d0f44f783e2c3297bc02093,Tinian,,Erionota thrax
c79921e42d0f44f783e2c3297bc02093,Rota,,Erionota thrax
c79921e42d0f44f783e2c3297bc02093,Guam,,Erionota thrax
5610debeff51495fa8a3d3b6db342c71,Republic of Palau,new island record,Eudocima Othreis) fullonia
5610debeff51495fa8a3d3b6db342c71,Pohnpei State,new island record,Eudocima Othreis) fullonia
5610debeff51495fa8a3d3b6db342c71,Kosrae State,new island record,Eudocima Othreis) fullonia
5610debeff51495fa8a3d3b6db342c71,Saipan,,Eudocima Othreis) fullonia
5610debeff51495fa8a3d3b6db342c71,Tinian,,Eudocima Othreis) fullonia
5610debeff51495fa8a3d3b6db342c71,Rota,,Eudocima Othreis) fullonia
5610debeff51495fa8a3d3b6db342c71,Guam,,Eudocima Othreis) fullonia
e12b6380ee6840b4bf0dbb1a56264d93,Saipan,,Valanga excavata
e12b6380ee6840b4bf0dbb1a56264d93,Tinian,,Valanga excavata
e12b6380ee6840b4bf0dbb1a56264d93,Rota,,Valanga excavata
e12b6380ee6840b4bf0dbb1a56264d93,Guam,,Valanga excavata
1a06f772cc8c4e0a89d90bb23dee8515,Republic of Palau,,Valanga nigricornis
1a06f772cc8c4e0a89d90bb23dee8515,Yap State,,Valanga nigricornis
1a06f772cc8c4e0a89d90bb23dee8515,Chuuk State,,Valanga nigricornis
42443d6f0d17442fb901db2795a3b605,Saipan,,Polyphagotarsonemus latus
42443d6f0d17442fb901db2795a3b605,Tinian,,Polyphagotarsonemus latus
42443d6f0d17442fb901db2795a3b605,Rota,,Polyphagotarsonemus latus
42443d6f0d17442fb901db2795a3b605,Guam,,Polyphagotarsonemus latus
ac53c803dbce4486b7b385abc3f814e6,Saipan,,Tetranychus tumidus
ac53c803dbce4486b7b385abc3f814e6,Tinian,,Tetranychus tumidus
ac53c803dbce4486b7b385abc3f814e6,Rota,,Tetranychus tumidus
ac53c803dbce4486b7b385abc3f814e6,Guam,,Tetranychus tumidus
24d3c81818e848ba80248126ffe1347e,Guam,,Pagria signata
457e1afc998c4b068932ce791308f6a5,Republic of Palau,,Ophiomyia phaseoli
457e1afc998c4b068932ce791308f6a5,Yap State,,Ophiomyia phaseoli
457e1afc998c4b068932ce791308f6a5,Chuuk State,,Ophiomyia phaseoli
457e1afc998c4b068932ce791308f6a5,Saipan,,Ophiomyia phaseoli
457e1afc998c4b068932ce791308f6a5,Tinian,,Ophiomyia phaseoli
457e1afc998c4b068932ce791308f6a5,Rota,,Ophiomyia phaseoli
457e1afc998c4b068932ce791308f6a5,Guam,,Ophiomyia phaseoli
c5f718e1d3e449b7923b384c72edb08e,Republic of Palau,,Melanagromyza sojae
a0ba9035b4f6414f871d91559f2e4b7b,Guam,,Liriomyza sativae
eb260e3ce260455caa592638f6c94534,Yap State,new island record,Liriomyza trifolii
eb260e3ce260455caa592638f6c94534,Pohnpei State,new island record,Liriomyza trifolii
eb260e3ce260455caa592638f6c94534,Guam,,Liriomyza trifolii
1b53c78ed99e4ce08b9e6f2c09430915,Chuuk State,,Nysius pulchellus
1b53c78ed99e4ce08b9e6f2c09430915,Kosrae State,,Nysius pulchellus
1b53c78ed99e4ce08b9e6f2c09430915,Saipan,,Nysius pulchellus
1b53c78ed99e4ce08b9e6f2c09430915,Tinian,,Nysius pulchellus
1b53c78ed99e4ce08b9e6f2c09430915,Rota,,Nysius pulchellus
1b53c78ed99e4ce08b9e6f2c09430915,Guam,,Nysius pulchellus
74d84c1a701d4525bf2f3031b3005d05,Chuuk State,,Lygus trukensis
19b223f4d06640a0ae2175f997373035,Republic of Palau,,Brachyplatys insularis
19b223f4d06640a0ae2175f997373035,Yap State,new island record,Brachyplatys insularis
19b223f4d06640a0ae2175f997373035,Chuuk State,,Brachyplatys insularis
19b223f4d06640a0ae2175f997373035,Pohnpei State,new island record,Brachyplatys insularis
19b223f4d06640a0ae2175f997373035,Kosrae State,new island record,Brachyplatys insularis
19b223f4d06640a0ae2175f997373035,Saipan,,Brachyplatys insularis
19b223f4d06640a0ae2175f997373035,Tinian,,Brachyplatys insularis
19b223f4d06640a0ae2175f997373035,Rota,,Brachyplatys insularis
19b223f4d06640a0ae2175f997373035,Guam,,Brachyplatys insularis
07ac3bd849db4bb8a3916b96f73470e7,Republic of Palau,,Nezara viridula
07ac3bd849db4bb8a3916b96f73470e7,Yap State,,Nezara viridula
07ac3bd849db4bb8a3916b96f73470e7,Chuuk State,,Nezara viridula
07ac3bd849db4bb8a3916b96f73470e7,Pohnpei State,,Nezara viridula
07ac3bd849db4bb8a3916b96f73470e7,Saipan,,Nezara viridula
07ac3bd849db4bb8a3916b96f73470e7,Tinian,,Nezara viridula
07ac3bd849db4bb8a3916b96f73470e7,Rota,,Nezara viridula
07ac3bd849db4bb8a3916b96f73470e7,Guam,,Nezara viridula
c3b7fc598a4e42249324b8c59e177a94,Republic of Palau,,Piezodorus hybneri
c3b7fc598a4e42249324b8c59e177a94,Yap State,new island record,Piezodorus hybneri
c3b7fc598a4e42249324b8c59e177a94,Saipan,,Piezodorus hybneri
c3b7fc598a4e42249324b8c59e177a94,Tinian,,Piezodorus hybneri
c3b7fc598a4e42249324b8c59e177a94,Rota,,Piezodorus hybneri
c3b7fc598a4e42249324b8c59e177a94,Guam,,Piezodorus hybneri
845643fd22a54248b26b49b18f5fb02e,Republic of Palau,,Halticus tibialis
845643fd22a54248b26b49b18f5fb02e,Yap State,,Halticus tibialis
845643fd22a54248b26b49b18f5fb02e,Chuuk State,,Halticus tibialis
845643fd22a54248b26b49b18f5fb02e,Pohnpei State,,Halticus tibialis
845643fd22a54248b26b49b18f5fb02e,Kosrae State,,Halticus tibialis
845643fd22a54248b26b49b18f5fb02e,Saipan,,Halticus tibialis
845643fd22a54248b26b49b18f5fb02e,Tinian,,Halticus tibialis
845643fd22a54248b26b49b18f5fb02e,Rota,,Halticus tibialis
845643fd22a54248b26b49b18f5fb02e,Guam,,Halticus tibialis
e4666b945c63426d82558c444af40b8f,Kosrae State,new island record,Coptosoma xanthogramma
e4666b945c63426d82558c444af40b8f,Saipan,new island record,Coptosoma xanthogramma
e4666b945c63426d82558c444af40b8f,Tinian,new island record,Coptosoma xanthogramma
e4666b945c63426d82558c444af40b8f,Rota,new island record,Coptosoma xanthogramma
e4666b945c63426d82558c444af40b8f,Guam,new island record,Coptosoma xanthogramma
082f939ec6274d6881a55d6d88684946,Mariana Islands,,Empoasca pitiensis
75ad61741de4494abfb05734f565dd0d,Saipan,,Leptocentrus taurus
75ad61741de4494abfb05734f565dd0d,Tinian,,Leptocentrus taurus
75ad61741de4494abfb05734f565dd0d,Rota,,Leptocentrus taurus
75ad61741de4494abfb05734f565dd0d,Guam,,Leptocentrus taurus
2b604afcbc3e47999f2447137e214054,Yap State,,Exitianus capicola
2b604afcbc3e47999f2447137e214054,Chuuk State,,Exitianus capicola
2b604afcbc3e47999f2447137e214054,Pohnpei State,,Exitianus capicola
2b604afcbc3e47999f2447137e214054,Kosrae State,,Exitianus capicola
2b604afcbc3e47999f2447137e214054,Saipan,,Exitianus capicola
2b604afcbc3e47999f2447137e214054,Tinian,,Exitianus capicola
2b604afcbc3e47999f2447137e214054,Rota,,Exitianus capicola
2b604afcbc3e47999f2447137e214054,Guam,,Exitianus capicola
99fdc4fbaaa14f69995c4cefc74c3479,Republic of Palau,,Bemisia tabaci
99fdc4fbaaa14f69995c4cefc74c3479,Pohnpei State,,Bemisia tabaci
99fdc4fbaaa14f69995c4cefc74c3479,Saipan,,Bemisia tabaci
99fdc4fbaaa14f69995c4cefc74c3479,Tinian,,Bemisia tabaci
99fdc4fbaaa14f69995c4cefc74c3479,Rota,,Bemisia tabaci
99fdc4fbaaa14f69995c4cefc74c3479,Guam,,Bemisia tabaci
2ece930a35374c229adede99fa6148de,Saipan,,Myzus persicae
4f8840f58f524f6693508a4c8bc8a4d8,Yap State,,Aphis craccivora
4f8840f58f524f6693508a4c8bc8a4d8,Chuuk State,,Aphis craccivora
4f8840f58f524f6693508a4c8bc8a4d8,Pohnpei State,,Aphis craccivora
4f8840f58f524f6693508a4c8bc8a4d8,Kosrae State,,Aphis craccivora
4f8840f58f524f6693508a4c8bc8a4d8,Saipan,,Aphis craccivora
4f8840f58f524f6693508a4c8bc8a4d8,Tinian,,Aphis craccivora
4f8840f58f524f6693508a4c8bc8a4d8,Rota,,Aphis craccivora
4f8840f58f524f6693508a4c8bc8a4d8,Guam,,Aphis craccivora
d32d92d4cf5946b997c86c151551585b,Republic of Palau,new island record,Maruca testulalis
d32d92d4cf5946b997c86c151551585b,Saipan,,Maruca testulalis
d32d92d4cf5946b997c86c151551585b,Tinian,,Maruca testulalis
d32d92d4cf5946b997c86c151551585b,Rota,,Maruca testulalis
d32d92d4cf5946b997c86c151551585b,Guam,,Maruca testulalis
ff8cfa0a0abc4cc7850f59b2a9ec8f66,Saipan,,Spodoptera mauritia
ff8cfa0a0abc4cc7850f59b2a9ec8f66,Tinian,,Spodoptera mauritia
ff8cfa0a0abc4cc7850f59b2a9ec8f66,Rota,,Spodoptera mauritia
ff8cfa0a0abc4cc7850f59b2a9ec8f66,Guam,,Spodoptera mauritia
a1c01816e1b04219a886967bd6f52103,Republic of Palau,,Cryptophlebia ombrodelta
a1c01816e1b04219a886967bd6f52103,Saipan,,Cryptophlebia ombrodelta
a1c01816e1b04219a886967bd6f52103,Tinian,,Cryptophlebia ombrodelta
a1c01816e1b04219a886967bd6f52103,Rota,,Cryptophlebia ombrodelta
a1c01816e1b04219a886967bd6f52103,Guam,,Cryptophlebia ombrodelta
6e6528b6c8434c11a8c2adf05e9bd5d0,Saipan,,Etiella zinckenella
6e6528b6c8434c11a8c2adf05e9bd5d0,Tinian,,Etiella zinckenella
6e6528b6c8434c11a8c2adf05e9bd5d0,Rota,,Etiella zinckenella
6e6528b6c8434c11a8c2adf05e9bd5d0,Guam,,Etiella zinckenella
ba13cdc6dfd14fb7847ce2e3c2ea544d,Guam,,Lamprosema diemenalis
3b57d1c2347a4d07a9864782dd33de77,Saipan,,Adoxophyes melia
3b57d1c2347a4d07a9864782dd33de77,Tinian,,Adoxophyes melia
3b57d1c2347a4d07a9864782dd33de77,Rota,,Adoxophyes melia
3b57d1c2347a4d07a9864782dd33de77,Guam,,Adoxophyes melia
18410c8acac649deac726a04e3343619,Republic of Palau,,Acrocercops
18410c8acac649deac726a04e3343619,Chuuk State,,Acrocercops
18410c8acac649deac726a04e3343619,Pohnpei State,,Acrocercops
18410c8acac649deac726a04e3343619,Saipan,,Acrocercops
18410c8acac649deac726a04e3343619,Tinian,,Acrocercops
18410c8acac649deac726a04e3343619,Rota,,Acrocercops
44bfc85fb64e40f59ffba72cf746b2ac,Guam,,Sphenarches caffer
7a1a9ae4419b4ba38e6ea50ab49f43cc,Republic of Palau,,Agrius convolvuli
7a1a9ae4419b4ba38e6ea50ab49f43cc,Yap State,,Agrius convolvuli
7a1a9ae4419b4ba38e6ea50ab49f43cc,Chuuk State,,Agrius convolvuli
7a1a9ae4419b4ba38e6ea50ab49f43cc,Pohnpei State,,Agrius convolvuli
7a1a9ae4419b4ba38e6ea50ab49f43cc,Saipan,,Agrius convolvuli
7a1a9ae4419b4ba38e6ea50ab49f43cc,Tinian,,Agrius convolvuli
7a1a9ae4419b4ba38e6ea50ab49f43cc,Rota,,Agrius convolvuli
7a1a9ae4419b4ba38e6ea50ab49f43cc,Guam,,Agrius convolvuli
6879fd12f4844ebf88926ab99a9a403d,Republic of Palau,,Lampides boeticus
6879fd12f4844ebf88926ab99a9a403d,Yap State,,Lampides boeticus
6879fd12f4844ebf88926ab99a9a403d,Chuuk State,,Lampides boeticus
6879fd12f4844ebf88926ab99a9a403d,Saipan,,Lampides boeticus
6879fd12f4844ebf88926ab99a9a403d,Tinian,,Lampides boeticus
6879fd12f4844ebf88926ab99a9a403d,Rota,,Lampides boeticus
6879fd12f4844ebf88926ab99a9a403d,Guam,,Lampides boeticus
ef5828c90a534d6a851476fab554de0b,Saipan,,Heliothis armigera
ef5828c90a534d6a851476fab554de0b,Tinian,,Heliothis armigera
ef5828c90a534d6a851476fab554de0b,Rota,,Heliothis armigera
ef5828c90a534d6a851476fab554de0b,Guam,,Heliothis armigera
d21a423d38994eb09962f2023c4ea747,Republic of Palau,new island record,Chrysodeixis chalcites
d21a423d38994eb09962f2023c4ea747,Saipan,,Chrysodeixis chalcites
d21a423d38994eb09962f2023c4ea747,Tinian,,Chrysodeixis chalcites
d21a423d38994eb09962f2023c4ea747,Rota,,Chrysodeixis chalcites
d21a423d38994eb09962f2023c4ea747,Guam,,Chrysodeixis chalcites
489b977e61c24caca3d2e6a1ab61cc0e,Pohnpei State,,Phaneroptera furcifera
489b977e61c24caca3d2e6a1ab61cc0e,Saipan,,Phaneroptera furcifera
489b977e61c24caca3d2e6a1ab61cc0e,Tinian,,Phaneroptera furcifera
489b977e61c24caca3d2e6a1ab61cc0e,Rota,,Phaneroptera furcifera
489b977e61c24caca3d2e6a1ab61cc0e,Guam,,Phaneroptera furcifera
86c7519283014142b254ea828f1dea82,Yap State,new island record,Thrips palmi
86c7519283014142b254ea828f1dea82,Guam,,Thrips palmi
e618295d5a864c6f8b3ef6a206200ac3,Republic of Palau,,Thrips tabaci
e618295d5a864c6f8b3ef6a206200ac3,Yap State,,Thrips tabaci
e618295d5a864c6f8b3ef6a206200ac3,Saipan,,Thrips tabaci
e618295d5a864c6f8b3ef6a206200ac3,Tinian,,Thrips tabaci
e618295d5a864c6f8b3ef6a206200ac3,Rota,,Thrips tabaci
e618295d5a864c6f8b3ef6a206200ac3,Guam,,Thrips tabaci
7587814ea8164bca859c92367d53531b,Republic of Palau,,Antonina graminis
7587814ea8164bca859c92367d53531b,Chuuk State,,Antonina graminis
7587814ea8164bca859c92367d53531b,Saipan,,Antonina graminis
7587814ea8164bca859c92367d53531b,Tinian,,Antonina graminis
7587814ea8164bca859c92367d53531b,Rota,,Antonina graminis
7587814ea8164bca859c92367d53531b,Guam,,Antonina graminis
71fb00986a1a48a8a8e67c3c747ba373,Guam,,Marasmia venilialis
7be7d7a07b334a8c9990c22e5b2edc1c,Republic of Palau,,Rhabdoscelus obscurus
7be7d7a07b334a8c9990c22e5b2edc1c,Saipan,,Rhabdoscelus obscurus
7be7d7a07b334a8c9990c22e5b2edc1c,Tinian,,Rhabdoscelus obscurus
7be7d7a07b334a8c9990c22e5b2edc1c,Rota,,Rhabdoscelus obscurus
7be7d7a07b334a8c9990c22e5b2edc1c,Guam,,Rhabdoscelus obscurus
3d7c141e083b49c0a1183cc388cad90d,Republic of Palau,,Xyleborus perforans
3d7c141e083b49c0a1183cc388cad90d,Yap State,,Xyleborus perforans
3d7c141e083b49c0a1183cc388cad90d,Chuuk State,,Xyleborus perforans
3d7c141e083b49c0a1183cc388cad90d,Pohnpei State,,Xyleborus perforans
3d7c141e083b49c0a1183cc388cad90d,Kosrae State,,Xyleborus perforans
3d7c141e083b49c0a1183cc388cad90d,Saipan,,Xyleborus perforans
3d7c141e083b49c0a1183cc388cad90d,Tinian,,Xyleborus perforans
3d7c141e083b49c0a1183cc388cad90d,Rota,,Xyleborus perforans
3d7c141e083b49c0a1183cc388cad90d,Guam,,Xyleborus perforans
67297aab51c748dabf702e79b444a03a,Guam,,Protaetia orientalis
19317630e5b8466cb274e501af69f117,Republic of Palau,,Diocalandra frumenti
19317630e5b8466cb274e501af69f117,Chuuk State,,Diocalandra frumenti
19317630e5b8466cb274e501af69f117,Guam,,Diocalandra frumenti
1e6da2e728fc4f46ba1e7c694a6a3d90,Republic of Palau,,Oryctes rhinoceros
bdad648bfeb541f7b24f5699ad6b93fa,Republic of Palau,,Lepidosaphes laterochitinosa
bdad648bfeb541f7b24f5699ad6b93fa,Yap State,new island record,Lepidosaphes laterochitinosa
bdad648bfeb541f7b24f5699ad6b93fa,Pohnpei State,new island record,Lepidosaphes laterochitinosa
bdad648bfeb541f7b24f5699ad6b93fa,Saipan,,Lepidosaphes laterochitinosa
bdad648bfeb541f7b24f5699ad6b93fa,Tinian,,Lepidosaphes laterochitinosa
bdad648bfeb541f7b24f5699ad6b93fa,Rota,,Lepidosaphes laterochitinosa
bdad648bfeb541f7b24f5699ad6b93fa,Guam,,Lepidosaphes laterochitinosa
11ebccdf14314705a7a3dc826b125fe8,Republic of Palau,,Lepidosaphes similis
11ebccdf14314705a7a3dc826b125fe8,Yap State,,Lepidosaphes similis
11ebccdf14314705a7a3dc826b125fe8,Pohnpei State,,Lepidosaphes similis
11ebccdf14314705a7a3dc826b125fe8,Saipan,,Lepidosaphes similis
11ebccdf14314705a7a3dc826b125fe8,Tinian,,Lepidosaphes similis
11ebccdf14314705a7a3dc826b125fe8,Rota,,Lepidosaphes similis
11ebccdf14314705a7a3dc826b125fe8,Guam,,Lepidosaphes similis
81571e4c973f4aa2a94959aa3cc95f4c,Yap State,,Cerataphis lataniae
81571e4c973f4aa2a94959aa3cc95f4c,Pohnpei State,,Cerataphis lataniae
81571e4c973f4aa2a94959aa3cc95f4c,Saipan,,Cerataphis lataniae
81571e4c973f4aa2a94959aa3cc95f4c,Tinian,,Cerataphis lataniae
81571e4c973f4aa2a94959aa3cc95f4c,Rota,,Cerataphis lataniae
81571e4c973f4aa2a94959aa3cc95f4c,Guam,,Cerataphis lataniae
ca22a6172c6542c0a83c2b49e0902447,Pohnpei State,,Pinnaspis buxi
ca22a6172c6542c0a83c2b49e0902447,Guam,,Pinnaspis buxi
8922fe472417484299ab6b2ca3e474f8,Republic of Palau,,Dysmicoccus brevipes
8922fe472417484299ab6b2ca3e474f8,Yap State,,Dysmicoccus brevipes
8922fe472417484299ab6b2ca3e474f8,Chuuk State,,Dysmicoccus brevipes
8922fe472417484299ab6b2ca3e474f8,Pohnpei State,,Dysmicoccus brevipes
8922fe472417484299ab6b2ca3e474f8,Saipan,,Dysmicoccus brevipes
8922fe472417484299ab6b2ca3e474f8,Tinian,,Dysmicoccus brevipes
8922fe472417484299ab6b2ca3e474f8,Rota,,Dysmicoccus brevipes
8922fe472417484299ab6b2ca3e474f8,Guam,,Dysmicoccus brevipes
4d4aa96369e9444d817b563952fe8335,Republic of Palau,,Palmicultor palmarum
4d4aa96369e9444d817b563952fe8335,Yap State,,Palmicultor palmarum
4d4aa96369e9444d817b563952fe8335,Chuuk State,,Palmicultor palmarum
4d4aa96369e9444d817b563952fe8335,Pohnpei State,,Palmicultor palmarum
4d4aa96369e9444d817b563952fe8335,Kosrae State,,Palmicultor palmarum
53bf3af3abb0450fbc98bd70419492a6,Republic of Palau,,Parlatoria proteus
53bf3af3abb0450fbc98bd70419492a6,Yap State,,Parlatoria proteus
53bf3af3abb0450fbc98bd70419492a6,Chuuk State,,Parlatoria proteus
53bf3af3abb0450fbc98bd70419492a6,Pohnpei State,,Parlatoria proteus
53bf3af3abb0450fbc98bd70419492a6,Kosrae State,,Parlatoria proteus
53bf3af3abb0450fbc98bd70419492a6,Guam,,Parlatoria proteus
6f652f95727b44eeb524b2b995dd0c96,Republic of Palau,,Coccus mangiferae
93762b09f25c408b810185491b794506,Republic of Palau,,Pinnaspis aspidistrae
93762b09f25c408b810185491b794506,Pohnpei State,,Pinnaspis aspidistrae
9acecb2850954b42ac3ef9111eb65c13,Republic of Palau,,Phenacaspis inday
9acecb2850954b42ac3ef9111eb65c13,Yap State,,Phenacaspis inday
9acecb2850954b42ac3ef9111eb65c13,Guam,,Phenacaspis inday
ed32b0da6fc84465b04f7d789fcf863e,Guam,,Agonoxena sp.
4926750359ec4f76836e1dd9c4a867fa,Guam,,Batrachedra sp.
906b8fcf6d81449f98e285dbd13b2360,Guam,,Heliothrips haemorrhoidalis
819f0e6b674f47ee97c9c3116aa095a3,Chuuk State,,Ceresium unicolor
819f0e6b674f47ee97c9c3116aa095a3,Pohnpei State,,Ceresium unicolor
819f0e6b674f47ee97c9c3116aa095a3,Kosrae State,,Ceresium unicolor
819f0e6b674f47ee97c9c3116aa095a3,Saipan,,Ceresium unicolor
819f0e6b674f47ee97c9c3116aa095a3,Tinian,,Ceresium unicolor
819f0e6b674f47ee97c9c3116aa095a3,Rota,,Ceresium unicolor
819f0e6b674f47ee97c9c3116aa095a3,Guam,,Ceresium unicolor
c4988e30095943b48680d6d85b6206af,Republic of Palau,,Aclees porosus
c4988e30095943b48680d6d85b6206af,Yap State,,Aclees porosus
aef46f9edbb940669f457178926770aa,Republic of Palau,,Dacus umbrosus
317fc977f8ce475dbd71cbd14a67669c,Republic of Palau,,Dacus frauenfeldi
317fc977f8ce475dbd71cbd14a67669c,Yap State,,Dacus frauenfeldi
317fc977f8ce475dbd71cbd14a67669c,Chuuk State,,Dacus frauenfeldi
317fc977f8ce475dbd71cbd14a67669c,Pohnpei State,,Dacus frauenfeldi
317fc977f8ce475dbd71cbd14a67669c,Kosrae State,,Dacus frauenfeldi
6e8eeb0f6e22443ebcc5a6c0672bf93f,Republic of Palau,,Andaspis punicae
6e8eeb0f6e22443ebcc5a6c0672bf93f,Guam,,Andaspis punicae
d54fcbdcb74740adb5bdacac6a7710ea,Republic of Palau,,Coccus moestus
d54fcbdcb74740adb5bdacac6a7710ea,Chuuk State,,Coccus moestus
d54fcbdcb74740adb5bdacac6a7710ea,Saipan,,Coccus moestus
d54fcbdcb74740adb5bdacac6a7710ea,Tinian,,Coccus moestus
d54fcbdcb74740adb5bdacac6a7710ea,Rota,,Coccus moestus
d54fcbdcb74740adb5bdacac6a7710ea,Guam,,Coccus moestus
3c4b5cb100f24d84bcc66820c475548b,Republic of Palau,,Vinsonia stellifera
3c4b5cb100f24d84bcc66820c475548b,Yap State,new island record,Vinsonia stellifera
3c4b5cb100f24d84bcc66820c475548b,Pohnpei State,,Vinsonia stellifera
3c4b5cb100f24d84bcc66820c475548b,Kosrae State,new island record,Vinsonia stellifera
5bb3c5ac77cb4223bcfea99797a8668b,Pohnpei State,,Chrysomphalus aonidum
5bc5382642f04b748394f1b2f5d3c606,Republic of Palau,,Pseudaulacaspis pentagona
5bc5382642f04b748394f1b2f5d3c606,Chuuk State,,Pseudaulacaspis pentagona
5bc5382642f04b748394f1b2f5d3c606,Saipan,,Pseudaulacaspis pentagona
5bc5382642f04b748394f1b2f5d3c606,Tinian,,Pseudaulacaspis pentagona
5bc5382642f04b748394f1b2f5d3c606,Rota,,Pseudaulacaspis pentagona
5bc5382642f04b748394f1b2f5d3c606,Guam,,Pseudaulacaspis pentagona
9d8c499c7db4424ba1742debeff27e66,Guam,,Planococcus lilacinus
8ac60b8b1ddf486cae179cac3724048b,Kosrae State,,Pseudococcus marshallensis
f417cf09fc074db8bfefba74806df972,Republic of Palau,,Xenaleyrodes artocarpi
557ac3cd925b402fb40b83f226458c5a,Republic of Palau,,Asterolecanium pustulans
557ac3cd925b402fb40b83f226458c5a,Chuuk State,,Asterolecanium pustulans
557ac3cd925b402fb40b83f226458c5a,Guam,,Asterolecanium pustulans
e8b95efe364f49e8be2af82a61bbab2f,Guam,,Icerya purchasi
c7c47b62e4184696adbace03f7dd240d,Chuuk State,,Phaciocephalus onoi
7f70935477d947a6b725e59d120a9a33,Chuuk State,,Pseudococcus trukensis
7f70935477d947a6b725e59d120a9a33,Pohnpei State,,Pseudococcus trukensis
307f9398076d4f3fa54378d409f03650,Republic of Palau,,Ceroplastes rubens
307f9398076d4f3fa54378d409f03650,Yap State,new island record,Ceroplastes rubens
307f9398076d4f3fa54378d409f03650,Saipan,,Ceroplastes rubens
307f9398076d4f3fa54378d409f03650,Tinian,,Ceroplastes rubens
307f9398076d4f3fa54378d409f03650,Rota,,Ceroplastes rubens
307f9398076d4f3fa54378d409f03650,Guam,,Ceroplastes rubens
1b8d00223e5a4f3ea7d0f6559a34e7c2,Saipan,,Liriomyza brassicae
1b8d00223e5a4f3ea7d0f6559a34e7c2,Tinian,,Liriomyza brassicae
1b8d00223e5a4f3ea7d0f6559a34e7c2,Rota,,Liriomyza brassicae
1b8d00223e5a4f3ea7d0f6559a34e7c2,Guam,,Liriomyza brassicae
70a2accc2a8040c3aa7869e39a93d00c,Saipan,,Lipaphis erysimi
70a2accc2a8040c3aa7869e39a93d00c,Tinian,,Lipaphis erysimi
70a2accc2a8040c3aa7869e39a93d00c,Rota,,Lipaphis erysimi
70a2accc2a8040c3aa7869e39a93d00c,Guam,,Lipaphis erysimi
9aa4e40537dc4f7ca261e4eca7b58ed3,Republic of Palau,,Heliothis zea
9aa4e40537dc4f7ca261e4eca7b58ed3,Saipan,,Heliothis zea
9aa4e40537dc4f7ca261e4eca7b58ed3,Tinian,,Heliothis zea
9aa4e40537dc4f7ca261e4eca7b58ed3,Rota,,Heliothis zea
9aa4e40537dc4f7ca261e4eca7b58ed3,Guam,,Heliothis zea
83322d65484a488eba590462b1fc8186,Republic of Palau,,Hellula undalis
83322d65484a488eba590462b1fc8186,Guam,,Hellula undalis
8bd27816b9574fa0a2c74cbdce039063,Republic of Palau,new island record,Plutella xylostella
8bd27816b9574fa0a2c74cbdce039063,Saipan,,Plutella xylostella
8bd27816b9574fa0a2c74cbdce039063,Tinian,,Plutella xylostella
8bd27816b9574fa0a2c74cbdce039063,Rota,,Plutella xylostella
8bd27816b9574fa0a2c74cbdce039063,Guam,,Plutella xylostella
e244f2a9eab94b98a21e586a44e03067,Republic of Palau,,Crocidolomia binotalis
e244f2a9eab94b98a21e586a44e03067,Saipan,,Crocidolomia binotalis
e244f2a9eab94b98a21e586a44e03067,Tinian,,Crocidolomia binotalis
e244f2a9eab94b98a21e586a44e03067,Rota,,Crocidolomia binotalis
e244f2a9eab94b98a21e586a44e03067,Guam,,Crocidolomia binotalis
73d82570bb124deba920d720f3dc21dc,Saipan,,Tetranychus
73d82570bb124deba920d720f3dc21dc,Tinian,,Tetranychus
73d82570bb124deba920d720f3dc21dc,Rota,,Tetranychus
73d82570bb124deba920d720f3dc21dc,Guam,,Tetranychus
3e3e9e31c40f41039f6c3bd6a7e703bf,Saipan,,Tetranychus sp.
3e3e9e31c40f41039f6c3bd6a7e703bf,Tinian,,Tetranychus sp.
3e3e9e31c40f41039f6c3bd6a7e703bf,Rota,,Tetranychus sp.
d6c7dbd399f548e4a33b0f0d8f1ba917,Guam,,Tetranychus truncatus
f63e9661682f46bc998ed8d1d4abfa1f,Republic of Palau,,Parasaissetia nigra
f63e9661682f46bc998ed8d1d4abfa1f,Yap State,,Parasaissetia nigra
f63e9661682f46bc998ed8d1d4abfa1f,Chuuk State,,Parasaissetia nigra
f63e9661682f46bc998ed8d1d4abfa1f,Kosrae State,,Parasaissetia nigra
f63e9661682f46bc998ed8d1d4abfa1f,Saipan,,Parasaissetia nigra
f63e9661682f46bc998ed8d1d4abfa1f,Tinian,,Parasaissetia nigra
f63e9661682f46bc998ed8d1d4abfa1f,Rota,,Parasaissetia nigra
f63e9661682f46bc998ed8d1d4abfa1f,Guam,,Parasaissetia nigra
10de73a80c774431a499f51919fe695e,Chuuk State,new island record,Phenacoccus madeirensis
10de73a80c774431a499f51919fe695e,Pohnpei State,new island record,Phenacoccus madeirensis
10de73a80c774431a499f51919fe695e,Guam,,Phenacoccus madeirensis
e07e90a7b9a14c84a4a273b3cbb7023a,Republic of Palau,,Xyleborus similis
e07e90a7b9a14c84a4a273b3cbb7023a,Chuuk State,,Xyleborus similis
e07e90a7b9a14c84a4a273b3cbb7023a,Pohnpei State,,Xyleborus similis
e07e90a7b9a14c84a4a273b3cbb7023a,Kosrae State,,Xyleborus similis
e07e90a7b9a14c84a4a273b3cbb7023a,Saipan,,Xyleborus similis
e07e90a7b9a14c84a4a273b3cbb7023a,Tinian,,Xyleborus similis
e07e90a7b9a14c84a4a273b3cbb7023a,Rota,,Xyleborus similis
e07e90a7b9a14c84a4a273b3cbb7023a,Guam,,Xyleborus similis
809af4caf4cc4babac9c3d127d397f04,Republic of Palau,,Pelargoderus luteosparsus
80f2b376244b4c698190cb78f4a65207,Republic of Palau,,Coenobius glochidionis
f3657aff6f0f4c798d6c3043413af679,Chuuk State,,Xyleborus ferrugineus
f3657aff6f0f4c798d6c3043413af679,Pohnpei State,,Xyleborus ferrugineus
f3657aff6f0f4c798d6c3043413af679,Kosrae State,,Xyleborus ferrugineus
f3657aff6f0f4c798d6c3043413af679,Saipan,,Xyleborus ferrugineus
f3657aff6f0f4c798d6c3043413af679,Tinian,,Xyleborus ferrugineus
f3657aff6f0f4c798d6c3043413af679,Rota,,Xyleborus ferrugineus
f3657aff6f0f4c798d6c3043413af679,Guam,,Xyleborus ferrugineus
da9ad2239cbe45f8ad40e399611efabe,Guam,,Eusyphax bivittatus
9fed841336bc4554a5c2fcc66fc4580f,Chuuk State,,Toxoptera aurantii
9fed841336bc4554a5c2fcc66fc4580f,Saipan,,Toxoptera aurantii
9fed841336bc4554a5c2fcc66fc4580f,Tinian,,Toxoptera aurantii
9fed841336bc4554a5c2fcc66fc4580f,Rota,,Toxoptera aurantii
9fed841336bc4554a5c2fcc66fc4580f,Guam,,Toxoptera aurantii
fe6d883825be4c2cbd1f28e6ff991bcf,Saipan,,Tiracola plagiata
fe6d883825be4c2cbd1f28e6ff991bcf,Tinian,,Tiracola plagiata
fe6d883825be4c2cbd1f28e6ff991bcf,Rota,,Tiracola plagiata
fe6d883825be4c2cbd1f28e6ff991bcf,Guam,,Tiracola plagiata
2375c9aa430047219eb4c2f62326c02e,Pohnpei State,,Brontispa chalybeipennis
2375c9aa430047219eb4c2f62326c02e,Kosrae State,,Brontispa chalybeipennis
23aa8f2b91d14ff0b2ce0fe537139279,Yap State,,Brontispa mariana
23aa8f2b91d14ff0b2ce0fe537139279,Chuuk State,,Brontispa mariana
23aa8f2b91d14ff0b2ce0fe537139279,Saipan,,Brontispa mariana
23aa8f2b91d14ff0b2ce0fe537139279,Tinian,,Brontispa mariana
23aa8f2b91d14ff0b2ce0fe537139279,Rota,,Brontispa mariana
cb24184df548476b8e178a13d30d1287,Republic of Palau,,Brontispa palauensis
cb24184df548476b8e178a13d30d1287,Guam,,Brontispa palauensis
85f6174878624a8c8d6de93551691c75,Chuuk State,,Caroliniella aenescens
85f6174878624a8c8d6de93551691c75,Kosrae State,,Caroliniella aenescens
9eebee3a6293487d87b88192c0dfd2dd,Republic of Palau,,Trochorhopalus strangulatus
89e53194bf5a4419b35b1d472b193bf5,Republic of Palau,,Rhabdoscelus asperipennis
72831e000351490e8362f57f2ac99050,Republic of Palau,,Astegopteryx rhapidis
1f65e433489f47f3a7dcb38a57e13c59,Republic of Palau,,Aleurocanthus palauensis
f57d3408097a46209f4ad3b03e51c751,Republic of Palau,new island record,Aleurodicus dispersus
f57d3408097a46209f4ad3b03e51c751,Pohnpei State,new island record,Aleurodicus dispersus
f57d3408097a46209f4ad3b03e51c751,Saipan,,Aleurodicus dispersus
f57d3408097a46209f4ad3b03e51c751,Tinian,,Aleurodicus dispersus
f57d3408097a46209f4ad3b03e51c751,Rota,,Aleurodicus dispersus
f57d3408097a46209f4ad3b03e51c751,Guam,,Aleurodicus dispersus
a050b1d76efd46ba8bb085d7621dbea1,Republic of Palau,,Aonidiella comperei
a050b1d76efd46ba8bb085d7621dbea1,Yap State,,Aonidiella comperei
a050b1d76efd46ba8bb085d7621dbea1,Chuuk State,,Aonidiella comperei
a050b1d76efd46ba8bb085d7621dbea1,Saipan,,Aonidiella comperei
a050b1d76efd46ba8bb085d7621dbea1,Tinian,,Aonidiella comperei
a050b1d76efd46ba8bb085d7621dbea1,Rota,,Aonidiella comperei
a050b1d76efd46ba8bb085d7621dbea1,Guam,,Aonidiella comperei
e5efd40056e44786853ca5f9585f4da3,Republic of Palau,,Aonidiella eremocitri
32237b3b26ff47978bd97040853f9e11,Chuuk State,,Lepidosaphes esakii
32237b3b26ff47978bd97040853f9e11,Pohnpei State,,Lepidosaphes esakii
32237b3b26ff47978bd97040853f9e11,Kosrae State,,Lepidosaphes esakii
32237b3b26ff47978bd97040853f9e11,Saipan,,Lepidosaphes esakii
32237b3b26ff47978bd97040853f9e11,Tinian,,Lepidosaphes esakii
32237b3b26ff47978bd97040853f9e11,Rota,,Lepidosaphes esakii
32237b3b26ff47978bd97040853f9e11,Guam,,Lepidosaphes esakii
ca31a0f6f5754845acdca5857c88d874,Yap State,,Lamenia numitor
ca31a0f6f5754845acdca5857c88d874,Saipan,,Lamenia numitor
ca31a0f6f5754845acdca5857c88d874,Tinian,,Lamenia numitor
ca31a0f6f5754845acdca5857c88d874,Rota,,Lamenia numitor
ca31a0f6f5754845acdca5857c88d874,Guam,,Lamenia numitor
2a7bac22c3ab4ce6a55a62f2bed49144,Pohnpei State,,Lallemandana phalerata
2a7bac22c3ab4ce6a55a62f2bed49144,Saipan,,Lallemandana phalerata
2a7bac22c3ab4ce6a55a62f2bed49144,Tinian,,Lallemandana phalerata
2a7bac22c3ab4ce6a55a62f2bed49144,Rota,,Lallemandana phalerata
2a7bac22c3ab4ce6a55a62f2bed49144,Guam,,Lallemandana phalerata
5210db48424f4a03b4a1311dfb56ce04,Republic of Palau,,Leptynoptera sulfurea
5210db48424f4a03b4a1311dfb56ce04,Yap State,,Leptynoptera sulfurea
5210db48424f4a03b4a1311dfb56ce04,Pohnpei State,,Leptynoptera sulfurea
5210db48424f4a03b4a1311dfb56ce04,Kosrae State,,Leptynoptera sulfurea
5210db48424f4a03b4a1311dfb56ce04,Guam,,Leptynoptera sulfurea
f286a74497a34a69b9541c7db4195815,Guam,,Palmicultor guamensis
003c73aeedc048e9b561a5cd64250b9e,Republic of Palau,,Furcaspis oceanica
003c73aeedc048e9b561a5cd64250b9e,Yap State,,Furcaspis oceanica
003c73aeedc048e9b561a5cd64250b9e,Chuuk State,,Furcaspis oceanica
003c73aeedc048e9b561a5cd64250b9e,Pohnpei State,,Furcaspis oceanica
003c73aeedc048e9b561a5cd64250b9e,Kosrae State,,Furcaspis oceanica
003c73aeedc048e9b561a5cd64250b9e,Saipan,,Furcaspis oceanica
003c73aeedc048e9b561a5cd64250b9e,Tinian,,Furcaspis oceanica
003c73aeedc048e9b561a5cd64250b9e,Rota,,Furcaspis oceanica
003c73aeedc048e9b561a5cd64250b9e,Guam,,Furcaspis oceanica
4fbebb3d2f0e444faed25fbf27b7d107,Kosrae State,,Flaccia dione
4fbebb3d2f0e444faed25fbf27b7d107,Saipan,new island record,Flaccia dione
4fbebb3d2f0e444faed25fbf27b7d107,Tinian,new island record,Flaccia dione
4fbebb3d2f0e444faed25fbf27b7d107,Rota,new island record,Flaccia dione
4fbebb3d2f0e444faed25fbf27b7d107,Guam,new island record,Flaccia dione
6c11e15496f14242ac3c8bb2ad805ad1,Guam,,Exitianus plebeius
268d8c7ca55c4553817245b5d836b471,Yap State,,Dysmicoccus saipanensis
268d8c7ca55c4553817245b5d836b471,Chuuk State,,Dysmicoccus saipanensis
268d8c7ca55c4553817245b5d836b471,Pohnpei State,,Dysmicoccus saipanensis
268d8c7ca55c4553817245b5d836b471,Kosrae State,,Dysmicoccus saipanensis
268d8c7ca55c4553817245b5d836b471,Saipan,,Dysmicoccus saipanensis
268d8c7ca55c4553817245b5d836b471,Tinian,,Dysmicoccus saipanensis
268d8c7ca55c4553817245b5d836b471,Rota,,Dysmicoccus saipanensis
268d8c7ca55c4553817245b5d836b471,Guam,,Dysmicoccus saipanensis
666420df8a9e471e8073486c2f130491,Republic of Palau,,Swezeyia zephyrus
666420df8a9e471e8073486c2f130491,Chuuk State,,Swezeyia zephyrus
666420df8a9e471e8073486c2f130491,Pohnpei State,,Swezeyia zephyrus
666420df8a9e471e8073486c2f130491,Kosrae State,,Swezeyia zephyrus
666420df8a9e471e8073486c2f130491,Saipan,,Swezeyia zephyrus
666420df8a9e471e8073486c2f130491,Tinian,,Swezeyia zephyrus
666420df8a9e471e8073486c2f130491,Rota,,Swezeyia zephyrus
666420df8a9e471e8073486c2f130491,Guam,,Swezeyia zephyrus
5840d297d76e4e1f8d2c5220891e8070,Guam,,Protalebrella braziliensis
151e725ae3794d7091866c7c099a1149,Republic of Palau,,Pinnaspis strachani
151e725ae3794d7091866c7c099a1149,Yap State,,Pinnaspis strachani
151e725ae3794d7091866c7c099a1149,Chuuk State,,Pinnaspis strachani
151e725ae3794d7091866c7c099a1149,Pohnpei State,,Pinnaspis strachani
151e725ae3794d7091866c7c099a1149,Saipan,,Pinnaspis strachani
151e725ae3794d7091866c7c099a1149,Tinian,,Pinnaspis strachani
151e725ae3794d7091866c7c099a1149,Rota,,Pinnaspis strachani
151e725ae3794d7091866c7c099a1149,Guam,,Pinnaspis strachani
3cc43434c5fb40c8be042accd37758e3,Republic of Palau,,Neotermes kanehirae
682b7907e677421985cd9657c16a9044,Chuuk State,new island record,Agonoxena pyrogramma
682b7907e677421985cd9657c16a9044,Pohnpei State,new island record,Agonoxena pyrogramma
682b7907e677421985cd9657c16a9044,Kosrae State,,Agonoxena pyrogramma
682b7907e677421985cd9657c16a9044,Guam,,Agonoxena pyrogramma
645c113310d841e5b334cba3811021fc,Republic of Palau,,Segestes unicolor
31df1604bab6447b8c1227209e7f7d11,Saipan,,Acanthograeffea denticulata
31df1604bab6447b8c1227209e7f7d11,Tinian,,Acanthograeffea denticulata
31df1604bab6447b8c1227209e7f7d11,Rota,,Acanthograeffea denticulata
31df1604bab6447b8c1227209e7f7d11,Guam,,Acanthograeffea denticulata
7bb0d36c3b6d4169a944e383963d6081,Chuuk State,,Acanthograeffea modesta
7bb0d36c3b6d4169a944e383963d6081,Pohnpei State,,Acanthograeffea modesta
2be232c8057141be9355ed0c526352d2,Pohnpei State,,Hypothenemus hampei
2be232c8057141be9355ed0c526352d2,Saipan,,Hypothenemus hampei
3a211fad9bc44442a766969acf9b3bbd,Chuuk State,,Xyleborus morigerus
3a211fad9bc44442a766969acf9b3bbd,Pohnpei State,,Xyleborus morigerus
3a211fad9bc44442a766969acf9b3bbd,Saipan,,Xyleborus morigerus
3a211fad9bc44442a766969acf9b3bbd,Tinian,,Xyleborus morigerus
3a211fad9bc44442a766969acf9b3bbd,Rota,,Xyleborus morigerus
3a211fad9bc44442a766969acf9b3bbd,Guam,,Xyleborus morigerus
a6d98fd125854a24b2f7701e1e2bfebe,Republic of Palau,,Saissetia oleae
a6d98fd125854a24b2f7701e1e2bfebe,Chuuk State,,Saissetia oleae
a6d98fd125854a24b2f7701e1e2bfebe,Saipan,,Saissetia oleae
a6d98fd125854a24b2f7701e1e2bfebe,Tinian,,Saissetia oleae
a6d98fd125854a24b2f7701e1e2bfebe,Rota,,Saissetia oleae
a6d98fd125854a24b2f7701e1e2bfebe,Guam,,Saissetia oleae
c746c7cf5e5b458f8899aaacc2ef5e8d,Republic of Palau,,Chloropulvinaria psidii
c746c7cf5e5b458f8899aaacc2ef5e8d,Chuuk State,,Chloropulvinaria psidii
c746c7cf5e5b458f8899aaacc2ef5e8d,Pohnpei State,,Chloropulvinaria psidii
c746c7cf5e5b458f8899aaacc2ef5e8d,Kosrae State,,Chloropulvinaria psidii
c746c7cf5e5b458f8899aaacc2ef5e8d,Saipan,,Chloropulvinaria psidii
c746c7cf5e5b458f8899aaacc2ef5e8d,Tinian,,Chloropulvinaria psidii
c746c7cf5e5b458f8899aaacc2ef5e8d,Rota,,Chloropulvinaria psidii
c746c7cf5e5b458f8899aaacc2ef5e8d,Guam,,Chloropulvinaria psidii
1a02cdbb930d4c0dac2ee1a8b9f42ff5,Guam,,Duplaspidiotus tesseratus
77bca80c949149c6a4a6d4bcc96bf39c,Guam,,Aleurodothrips fasciapennis
e97c764e2e4b4b549365445e68b71d11,Guam,,Karnyothrips melaleuca
fe8beb7965ef4b6f94c8b1889c4853f7,Saipan,,Tetranychus cinnabarinus
fe8beb7965ef4b6f94c8b1889c4853f7,Tinian,,Tetranychus cinnabarinus
fe8beb7965ef4b6f94c8b1889c4853f7,Rota,,Tetranychus cinnabarinus
fe8beb7965ef4b6f94c8b1889c4853f7,Guam,,Tetranychus cinnabarinus
23c41c133a95466a9ecf850401fdbef6,Saipan,,Oxycarenus bicolor
23c41c133a95466a9ecf850401fdbef6,Tinian,,Oxycarenus bicolor
23c41c133a95466a9ecf850401fdbef6,Rota,,Oxycarenus bicolor
23c41c133a95466a9ecf850401fdbef6,Guam,,Oxycarenus bicolor
3e87ebb20fe94292948f7a1e68511e5e,Republic of Palau,,Sundapteryx biguttula
3e87ebb20fe94292948f7a1e68511e5e,Guam,,Sundapteryx biguttula
d54b6cdd859d4b899dd9298118cae740,Republic of Palau,,Anomis erosa
d54b6cdd859d4b899dd9298118cae740,Yap State,,Anomis erosa
d54b6cdd859d4b899dd9298118cae740,Mariana Islands,,Anomis erosa
6f9037d8974a4ea89b309b906ac34a00,Republic of Palau,,Diaphania indica
6f9037d8974a4ea89b309b906ac34a00,Saipan,,Diaphania indica
6f9037d8974a4ea89b309b906ac34a00,Tinian,,Diaphania indica
6f9037d8974a4ea89b309b906ac34a00,Rota,,Diaphania indica
6f9037d8974a4ea89b309b906ac34a00,Guam,,Diaphania indica
70d6d1729d134451be5c3cff1535753b,Guam,,Trigonops hirsuta
f6e31bb9a6c24dcbb3d8cdd1ec5317d0,Guam,,Trigonops inusitata
be86c3b009544aeeaa209f8b5ba3bc52,Republic of Palau,,Lepidosaphes tokionis
be86c3b009544aeeaa209f8b5ba3bc52,Yap State,,Lepidosaphes tokionis
be86c3b009544aeeaa209f8b5ba3bc52,Chuuk State,,Lepidosaphes tokionis
be86c3b009544aeeaa209f8b5ba3bc52,Saipan,,Lepidosaphes tokionis
be86c3b009544aeeaa209f8b5ba3bc52,Tinian,,Lepidosaphes tokionis
be86c3b009544aeeaa209f8b5ba3bc52,Rota,,Lepidosaphes tokionis
be86c3b009544aeeaa209f8b5ba3bc52,Guam,,Lepidosaphes tokionis
c9963b96206347aeaef1a810ed25b477,Guam,,Achaea janata
84d07a7d17704bca85ab225d6e0076f2,Republic of Palau,,Aulacophora flavomarginata
14091e98506648808bd01ba325e32cbf,Republic of Palau,,Trigonops sp.
14091e98506648808bd01ba325e32cbf,Yap State,,Trigonops sp.
14091e98506648808bd01ba325e32cbf,Chuuk State,,Trigonops sp.
14091e98506648808bd01ba325e32cbf,Pohnpei State,,Trigonops sp.
14091e98506648808bd01ba325e32cbf,Saipan,,Trigonops sp.
14091e98506648808bd01ba325e32cbf,Tinian,,Trigonops sp.
14091e98506648808bd01ba325e32cbf,Rota,,Trigonops sp.
14091e98506648808bd01ba325e32cbf,Guam,,Trigonops sp.
d0924639e95a4021a38b93b50bf8a3cd,Chuuk State,,Nanyozo viridilineatus
acb53335e941457e9cb2774ce811eedb,Republic of Palau,,Aulacophora marginalis
897f8a24456949bc9b31a36e62c32a4b,Republic of Palau,,Aulacophora similis
897f8a24456949bc9b31a36e62c32a4b,Yap State,,Aulacophora similis
897f8a24456949bc9b31a36e62c32a4b,Saipan,,Aulacophora similis
897f8a24456949bc9b31a36e62c32a4b,Tinian,,Aulacophora similis
897f8a24456949bc9b31a36e62c32a4b,Rota,,Aulacophora similis
897f8a24456949bc9b31a36e62c32a4b,Guam,,Aulacophora similis
0fd570567ebd4671a4737fc07ce49954,Yap State,,Aulacophora quadrimaculata
0fd570567ebd4671a4737fc07ce49954,Saipan,,Aulacophora quadrimaculata
0fd570567ebd4671a4737fc07ce49954,Tinian,,Aulacophora quadrimaculata
0fd570567ebd4671a4737fc07ce49954,Rota,,Aulacophora quadrimaculata
0fd570567ebd4671a4737fc07ce49954,Guam,,Aulacophora quadrimaculata
83d1968ac91941a1a8018fe1806b9f75,Republic of Palau,new island record,Physomerus grossipes
83d1968ac91941a1a8018fe1806b9f75,Saipan,,Physomerus grossipes
83d1968ac91941a1a8018fe1806b9f75,Tinian,,Physomerus grossipes
83d1968ac91941a1a8018fe1806b9f75,Rota,,Physomerus grossipes
83d1968ac91941a1a8018fe1806b9f75,Guam,,Physomerus grossipes
cfe1451957bf4b6a9a032b2097678298,Chuuk State,,Megymenum affine
9b2f7d670b0744ca89f490a6275f73fa,Guam,,Halticus insularis
ce2ff75dbc454dfcbd02cbf94583082d,Chuuk State,,Lepidosaphes beckii
ce2ff75dbc454dfcbd02cbf94583082d,Pohnpei State,,Lepidosaphes beckii
ce2ff75dbc454dfcbd02cbf94583082d,Guam,,Lepidosaphes beckii
ead2d3e34b7d42108ee942a25e4e5080,Republic of Palau,,Diaphania hyalinata
ead2d3e34b7d42108ee942a25e4e5080,Saipan,,Diaphania hyalinata
ead2d3e34b7d42108ee942a25e4e5080,Tinian,,Diaphania hyalinata
ead2d3e34b7d42108ee942a25e4e5080,Rota,,Diaphania hyalinata
ead2d3e34b7d42108ee942a25e4e5080,Guam,,Diaphania hyalinata
2c1103fe9e9c404581e04e5f65d848ac,Guam,,Stenocatantops splendens
d7883e9aaa3c4a20888be82b0d68059c,Guam,,Anaballus amplicollis
4d276766cd994b49931516c9e6307d55,Saipan,,Alciphron glaucus
4d276766cd994b49931516c9e6307d55,Tinian,,Alciphron glaucus
4d276766cd994b49931516c9e6307d55,Rota,,Alciphron glaucus
4d276766cd994b49931516c9e6307d55,Guam,,Alciphron glaucus
1040b60f3c90440f8a74b1c01db87fab,Republic of Palau,,Lepidosaphes carolinensis
1040b60f3c90440f8a74b1c01db87fab,Yap State,,Lepidosaphes carolinensis
f96949cbbef34c348de1285a3b98a062,Saipan,,Chilades pandava
1a9d6bb87bc04413b194bdb29d2763df,Guam,,Epitrix hirtipennis
8d6e0be1fb3849b6874649b272e7577e,Yap State,,Epilachna vigintisexpunctata philippensis
8d6e0be1fb3849b6874649b272e7577e,Kosrae State,,Epilachna vigintisexpunctata philippensis
b92a5bc4d47a4dacb6647021918eb54c,Kosrae State,,Lygus kusaiensis
d6460f97e80242dd9f39ce3f354d7a70,Saipan,,Protoparce sp.
d6460f97e80242dd9f39ce3f354d7a70,Tinian,,Protoparce sp.
d6460f97e80242dd9f39ce3f354d7a70,Rota,,Protoparce sp.
480994f349924d89a9a3d3b3a980bfa3,Guam,,Ceroplastes ceriferus
6f7cc5cc99ae42099037fab581c984fe,Saipan,,Euploea leucostictos
6f7cc5cc99ae42099037fab581c984fe,Tinian,,Euploea leucostictos
6f7cc5cc99ae42099037fab581c984fe,Rota,,Euploea leucostictos
6f7cc5cc99ae42099037fab581c984fe,Guam,,Euploea leucostictos
f16d011ceac94add96c6690ee0239523,Republic of Palau,,Ostrinia furnacalis
f16d011ceac94add96c6690ee0239523,Saipan,,Ostrinia furnacalis
f16d011ceac94add96c6690ee0239523,Tinian,,Ostrinia furnacalis
f16d011ceac94add96c6690ee0239523,Rota,,Ostrinia furnacalis
f16d011ceac94add96c6690ee0239523,Guam,,Ostrinia furnacalis
3a48d400dc5e4a23a15a50f187117ea3,Republic of Palau,,Saissetia neglecta
3a48d400dc5e4a23a15a50f187117ea3,Pohnpei State,new island record,Saissetia neglecta
3a48d400dc5e4a23a15a50f187117ea3,Guam,,Saissetia neglecta
fb34abb6d10e47409f11d6e60e5c9af0,Guam,,Kilifia acuminata
e81454e672e4497b8c3eddd2ce8c0228,Republic of Palau,,Kilifia deltoides
dfc470812a2d47aaa8b1ac20b4c5c716,Guam,,Aleurothrixus floccosus
0f0dc6e9f215468f9505aca8c7d37637,Chuuk State,,Parlatoria pergandii
0f0dc6e9f215468f9505aca8c7d37637,Pohnpei State,,Parlatoria pergandii
32d43e20bb3049eabbc5f55d120cd8bd,Saipan,,Neotermes connexus
32d43e20bb3049eabbc5f55d120cd8bd,Tinian,,Neotermes connexus
32d43e20bb3049eabbc5f55d120cd8bd,Rota,,Neotermes connexus
32d43e20bb3049eabbc5f55d120cd8bd,Guam,,Neotermes connexus
85e314bfae214983a2bef0ec5bae40ea,Kosrae State,,Dudua aprobola
85e314bfae214983a2bef0ec5bae40ea,Saipan,,Dudua aprobola
85e314bfae214983a2bef0ec5bae40ea,Tinian,,Dudua aprobola
85e314bfae214983a2bef0ec5bae40ea,Rota,,Dudua aprobola
85e314bfae214983a2bef0ec5bae40ea,Guam,,Dudua aprobola
f7f355f807c44704a1fbf9fc837c0526,Guam,,Anua tongaensis
fa9e48d06b7049b8838f97fae36ceac0,Saipan,,Strepsicrates ejectana
fa9e48d06b7049b8838f97fae36ceac0,Tinian,,Strepsicrates ejectana
fa9e48d06b7049b8838f97fae36ceac0,Rota,,Strepsicrates ejectana
fa9e48d06b7049b8838f97fae36ceac0,Guam,,Strepsicrates ejectana
df45749ca2f24137a9f5cbd1a0e54d62,Guam,,Saissetia miranda
a9796411664348cbb48b8ca255265a52,Guam,,Agathodes ostentalis
42bb35942c05412f8faaecc5c18af440,Guam,,Eotetranychus cendanai
b67a29746916489eb7d59cabb388f88b,Saipan,,Daealus sp.
b67a29746916489eb7d59cabb388f88b,Tinian,,Daealus sp.
b67a29746916489eb7d59cabb388f88b,Rota,,Daealus sp.
1941759385cc48b599af6f7cc834695f,Guam,,Protaetia fusca
fb50ad9f5cc740808b03dda3c6984e41,Guam,,Chrysobothris costata
42fde775eac047d0911ca23df5957a29,Saipan,,Agrilus occipitalis
42fde775eac047d0911ca23df5957a29,Tinian,,Agrilus occipitalis
42fde775eac047d0911ca23df5957a29,Rota,,Agrilus occipitalis
42fde775eac047d0911ca23df5957a29,Guam,,Agrilus occipitalis
146db13daa5d438f9f01dadeda4a89e2,Pohnpei State,,Unaspis citri
69db9132b59e4ae0b8f8290738c2530a,Guam,,Aphis citricola
212d38fa354c4ebbafafc84fea0eb2f4,Yap State,new island record,Aleurocanthus spiniferus
212d38fa354c4ebbafafc84fea0eb2f4,Chuuk State,,Aleurocanthus spiniferus
212d38fa354c4ebbafafc84fea0eb2f4,Pohnpei State,new island record,Aleurocanthus spiniferus
212d38fa354c4ebbafafc84fea0eb2f4,Kosrae State,new island record,Aleurocanthus spiniferus
212d38fa354c4ebbafafc84fea0eb2f4,Saipan,,Aleurocanthus spiniferus
212d38fa354c4ebbafafc84fea0eb2f4,Tinian,,Aleurocanthus spiniferus
212d38fa354c4ebbafafc84fea0eb2f4,Rota,,Aleurocanthus spiniferus
212d38fa354c4ebbafafc84fea0eb2f4,Guam,,Aleurocanthus spiniferus
b73caaa494114049b267f110d0aa380f,Pohnpei State,new island record,Dialeurodes citrifolii
ddea208429e9418eb648936d6ece7a93,Republic of Palau,,Parlatoria zizyphus
ddea208429e9418eb648936d6ece7a93,Chuuk State,new island record,Parlatoria zizyphus
ddea208429e9418eb648936d6ece7a93,Pohnpei State,,Parlatoria zizyphus
3526aa2bb2c3421981c862eae2b06a50,Yap State,new island record,Lepidosaphes gloverii
3526aa2bb2c3421981c862eae2b06a50,Chuuk State,,Lepidosaphes gloverii
3526aa2bb2c3421981c862eae2b06a50,Pohnpei State,,Lepidosaphes gloverii
3526aa2bb2c3421981c862eae2b06a50,Saipan,,Lepidosaphes gloverii
4d56c008976f4baf9b660ec8c4dd48e6,Republic of Palau,,Pseudococcus citriculus
4d56c008976f4baf9b660ec8c4dd48e6,Pohnpei State,,Pseudococcus citriculus
c6229cfd23174ae9ba6156dc8a103ad3,Kosrae State,,Abgrallaspis palmae
ea5c979070584ff58bbff018e9eba643,Saipan,,Parlatoria cinerea
ea5c979070584ff58bbff018e9eba643,Tinian,,Parlatoria cinerea
ea5c979070584ff58bbff018e9eba643,Rota,,Parlatoria cinerea
ea5c979070584ff58bbff018e9eba643,Guam,,Parlatoria cinerea
29612fae2e134f1798bd12eb65692d54,Kosrae State,,Adoxophyes fasciculana
155a1fa6ef3b417697f8d8c4e001d875,Guam,,Cryptophlebia peltastica
67185a0a6798419bbd696db7317d5180,Republic of Palau,,Phyllocnistis citrella
67185a0a6798419bbd696db7317d5180,Yap State,new island record,Phyllocnistis citrella
67185a0a6798419bbd696db7317d5180,Saipan,,Phyllocnistis citrella
67185a0a6798419bbd696db7317d5180,Tinian,,Phyllocnistis citrella
67185a0a6798419bbd696db7317d5180,Rota,,Phyllocnistis citrella
67185a0a6798419bbd696db7317d5180,Guam,,Phyllocnistis citrella
74abf3477ea1472795aad6e68f3573fb,Republic of Palau,,Papilio polytes
74abf3477ea1472795aad6e68f3573fb,Yap State,,Papilio polytes
74abf3477ea1472795aad6e68f3573fb,Saipan,,Papilio polytes
74abf3477ea1472795aad6e68f3573fb,Tinian,,Papilio polytes
74abf3477ea1472795aad6e68f3573fb,Rota,,Papilio polytes
74abf3477ea1472795aad6e68f3573fb,Guam,,Papilio polytes
b19644f24c7040c6b380c1d61fa1e39b,Republic of Palau,,Prays citri
b19644f24c7040c6b380c1d61fa1e39b,Yap State,,Prays citri
b19644f24c7040c6b380c1d61fa1e39b,Saipan,,Prays citri
b19644f24c7040c6b380c1d61fa1e39b,Tinian,,Prays citri
b19644f24c7040c6b380c1d61fa1e39b,Rota,,Prays citri
51f091ca33604b65a06c1a017be1d99e,Guam,,Phyllophaga bipunctata
19341f9e379941a5b1caff3c5299000b,Guam,,Sitophilus oryzae
3a32263580ee43408305aeb8dac788dc,Republic of Palau,,Pseudonapomyza spicata
3a32263580ee43408305aeb8dac788dc,Yap State,,Pseudonapomyza spicata
3a32263580ee43408305aeb8dac788dc,Pohnpei State,,Pseudonapomyza spicata
3a32263580ee43408305aeb8dac788dc,Saipan,,Pseudonapomyza spicata
3a32263580ee43408305aeb8dac788dc,Tinian,,Pseudonapomyza spicata
3a32263580ee43408305aeb8dac788dc,Rota,,Pseudonapomyza spicata
3a32263580ee43408305aeb8dac788dc,Guam,,Pseudonapomyza spicata
04f98b8c75ff43f0b9c8602d6e2d769a,Republic of Palau,,Creontiades pallidifer
04f98b8c75ff43f0b9c8602d6e2d769a,Yap State,,Creontiades pallidifer
04f98b8c75ff43f0b9c8602d6e2d769a,Chuuk State,,Creontiades pallidifer
04f98b8c75ff43f0b9c8602d6e2d769a,Pohnpei State,,Creontiades pallidifer
04f98b8c75ff43f0b9c8602d6e2d769a,Saipan,,Creontiades pallidifer
04f98b8c75ff43f0b9c8602d6e2d769a,Tinian,,Creontiades pallidifer
04f98b8c75ff43f0b9c8602d6e2d769a,Rota,,Creontiades pallidifer
04f98b8c75ff43f0b9c8602d6e2d769a,Guam,,Creontiades pallidifer
d7a769128af54c27bdd20f2ccc7f3eb3,Republic of Palau,,Saccharicoccus sacchari
d7a769128af54c27bdd20f2ccc7f3eb3,Yap State,,Saccharicoccus sacchari
d7a769128af54c27bdd20f2ccc7f3eb3,Chuuk State,,Saccharicoccus sacchari
d7a769128af54c27bdd20f2ccc7f3eb3,Pohnpei State,,Saccharicoccus sacchari
d7a769128af54c27bdd20f2ccc7f3eb3,Saipan,,Saccharicoccus sacchari
d7a769128af54c27bdd20f2ccc7f3eb3,Tinian,,Saccharicoccus sacchari
d7a769128af54c27bdd20f2ccc7f3eb3,Rota,,Saccharicoccus sacchari
d7a769128af54c27bdd20f2ccc7f3eb3,Guam,,Saccharicoccus sacchari
a5b6d0a9779445e1bb8d530775a576cc,Republic of Palau,,Peregrinus maidis
a5b6d0a9779445e1bb8d530775a576cc,Yap State,,Peregrinus maidis
a5b6d0a9779445e1bb8d530775a576cc,Saipan,,Peregrinus maidis
a5b6d0a9779445e1bb8d530775a576cc,Tinian,,Peregrinus maidis
a5b6d0a9779445e1bb8d530775a576cc,Rota,,Peregrinus maidis
a5b6d0a9779445e1bb8d530775a576cc,Guam,,Peregrinus maidis
cdb83e0c29ac4ee291647ccfc0d59e76,Republic of Palau,,Rhopalosiphum maidis
cdb83e0c29ac4ee291647ccfc0d59e76,Yap State,,Rhopalosiphum maidis
cdb83e0c29ac4ee291647ccfc0d59e76,Chuuk State,,Rhopalosiphum maidis
cdb83e0c29ac4ee291647ccfc0d59e76,Pohnpei State,,Rhopalosiphum maidis
cdb83e0c29ac4ee291647ccfc0d59e76,Saipan,,Rhopalosiphum maidis
cdb83e0c29ac4ee291647ccfc0d59e76,Tinian,,Rhopalosiphum maidis
cdb83e0c29ac4ee291647ccfc0d59e76,Rota,,Rhopalosiphum maidis
cdb83e0c29ac4ee291647ccfc0d59e76,Guam,,Rhopalosiphum maidis
0bc8533dcaae4c9f9a9aefed7fa946ee,Republic of Palau,,Cicadulina bipunctella
0bc8533dcaae4c9f9a9aefed7fa946ee,Yap State,,Cicadulina bipunctella
0bc8533dcaae4c9f9a9aefed7fa946ee,Saipan,,Cicadulina bipunctella
0bc8533dcaae4c9f9a9aefed7fa946ee,Tinian,,Cicadulina bipunctella
0bc8533dcaae4c9f9a9aefed7fa946ee,Rota,,Cicadulina bipunctella
0bc8533dcaae4c9f9a9aefed7fa946ee,Guam,,Cicadulina bipunctella
66d374a484164361a9d4599d33beb54b,Republic of Palau,,Marasmia trapezalis
66d374a484164361a9d4599d33beb54b,Saipan,,Marasmia trapezalis
66d374a484164361a9d4599d33beb54b,Tinian,,Marasmia trapezalis
66d374a484164361a9d4599d33beb54b,Rota,,Marasmia trapezalis
66d374a484164361a9d4599d33beb54b,Guam,,Marasmia trapezalis
006d68b56c6945d1bedd7fdc97987901,Republic of Palau,,Melanitis leda
006d68b56c6945d1bedd7fdc97987901,Yap State,,Melanitis leda
006d68b56c6945d1bedd7fdc97987901,Chuuk State,,Melanitis leda
006d68b56c6945d1bedd7fdc97987901,Pohnpei State,,Melanitis leda
006d68b56c6945d1bedd7fdc97987901,Kosrae State,,Melanitis leda
006d68b56c6945d1bedd7fdc97987901,Saipan,,Melanitis leda
006d68b56c6945d1bedd7fdc97987901,Tinian,,Melanitis leda
006d68b56c6945d1bedd7fdc97987901,Rota,,Melanitis leda
006d68b56c6945d1bedd7fdc97987901,Guam,,Melanitis leda
e935c82a673e4cbf9e69f1de353d5d92,Chuuk State,,Conocephalus longipennis
e935c82a673e4cbf9e69f1de353d5d92,Pohnpei State,,Conocephalus longipennis
e935c82a673e4cbf9e69f1de353d5d92,Kosrae State,,Conocephalus longipennis
e935c82a673e4cbf9e69f1de353d5d92,Saipan,,Conocephalus longipennis
e935c82a673e4cbf9e69f1de353d5d92,Tinian,,Conocephalus longipennis
e935c82a673e4cbf9e69f1de353d5d92,Rota,,Conocephalus longipennis
e935c82a673e4cbf9e69f1de353d5d92,Guam,,Conocephalus longipennis
b569a540f71142c0922030cf9e1c8e3a,Republic of Palau,new island record,Oxya japonica
b569a540f71142c0922030cf9e1c8e3a,Saipan,,Oxya japonica
b569a540f71142c0922030cf9e1c8e3a,Tinian,,Oxya japonica
b569a540f71142c0922030cf9e1c8e3a,Rota,,Oxya japonica
79ec94719ded479f99dccbac75cab17c,Saipan,,Locusta migratoria manilensis
79ec94719ded479f99dccbac75cab17c,Tinian,,Locusta migratoria manilensis
79ec94719ded479f99dccbac75cab17c,Rota,,Locusta migratoria manilensis
79ec94719ded479f99dccbac75cab17c,Guam,,Locusta migratoria manilensis
b2f0c9dec9114307b436711c63cd5a74,Saipan,,Aiolopus thalassinus dubius
b2f0c9dec9114307b436711c63cd5a74,Tinian,,Aiolopus thalassinus dubius
b2f0c9dec9114307b436711c63cd5a74,Rota,,Aiolopus thalassinus dubius
b2f0c9dec9114307b436711c63cd5a74,Guam,,Aiolopus thalassinus dubius
187e08848184495a9b8cd3962ee7e045,Yap State,new island record,Oxya hyla
187e08848184495a9b8cd3962ee7e045,Chuuk State,new island record,Oxya hyla
187e08848184495a9b8cd3962ee7e045,Pohnpei State,new island record,Oxya hyla
187e08848184495a9b8cd3962ee7e045,Kosrae State,new island record,Oxya hyla
1662eba29b654a1299b22b23adbd7fb1,Chuuk State,,Rhyparida carolina
1662eba29b654a1299b22b23adbd7fb1,Pohnpei State,,Rhyparida carolina
1662eba29b654a1299b22b23adbd7fb1,Kosrae State,,Rhyparida carolina
3c328abba24941059e3ee1f48a0c3ded,Saipan,,Sternochetus mangiferae
3c328abba24941059e3ee1f48a0c3ded,Tinian,,Sternochetus mangiferae
3c328abba24941059e3ee1f48a0c3ded,Rota,,Sternochetus mangiferae
ba6371961a744b61becfde067beabbe4,Guam,,Cryptorhynchus mangiferae
11e2397f79554088aa8e508a439c7f0b,Republic of Palau,,Semelaspidus mangiferae
78cefbb843fe4ea1b6fb660fa276d8ba,Guam,,Pinnaspis sp.
b70b6b65c75e4e7892040550c744ccc7,Pohnpei State,,Melanaspis bromeliae
b70b6b65c75e4e7892040550c744ccc7,Guam,,Melanaspis bromeliae
0aad0fd8b0be4ad1815861310958ed4d,Republic of Palau,,Radionaspis indica
5550250886214ea98903d4e35feccc17,Chuuk State,new island record,Penicillaria jocosatrix
5550250886214ea98903d4e35feccc17,Pohnpei State,new island record,Penicillaria jocosatrix
5550250886214ea98903d4e35feccc17,Guam,,Penicillaria jocosatrix
a3cf509a65f44e549502f00b516d9db9,Guam,,Anisodes illepidaria
871d0fb9b9304b66b9d2788d8d804c9c,Saipan,,Dacus ochrosiae
871d0fb9b9304b66b9d2788d8d804c9c,Tinian,,Dacus ochrosiae
871d0fb9b9304b66b9d2788d8d804c9c,Rota,,Dacus ochrosiae
871d0fb9b9304b66b9d2788d8d804c9c,Guam,,Dacus ochrosiae
c377071bf5314330930c518b2ff66872,Republic of Palau,,Trioza vitiensis
c377071bf5314330930c518b2ff66872,Chuuk State,,Trioza vitiensis
c377071bf5314330930c518b2ff66872,Pohnpei State,,Trioza vitiensis
030e2a9f48884805ab161d04708b2e26,Republic of Palau,,Mesohomotoma hibisci
030e2a9f48884805ab161d04708b2e26,Yap State,,Mesohomotoma hibisci
030e2a9f48884805ab161d04708b2e26,Pohnpei State,,Mesohomotoma hibisci
030e2a9f48884805ab161d04708b2e26,Kosrae State,,Mesohomotoma hibisci
030e2a9f48884805ab161d04708b2e26,Saipan,,Mesohomotoma hibisci
030e2a9f48884805ab161d04708b2e26,Tinian,,Mesohomotoma hibisci
030e2a9f48884805ab161d04708b2e26,Rota,,Mesohomotoma hibisci
030e2a9f48884805ab161d04708b2e26,Guam,,Mesohomotoma hibisci
6bf44c11e5574579927097965c40b808,Republic of Palau,,Anomis flava
6bf44c11e5574579927097965c40b808,Yap State,,Anomis flava
6bf44c11e5574579927097965c40b808,Saipan,,Anomis flava
6bf44c11e5574579927097965c40b808,Tinian,,Anomis flava
6bf44c11e5574579927097965c40b808,Rota,,Anomis flava
6bf44c11e5574579927097965c40b808,Guam,,Anomis flava
da85f6f0041d485caca8aa965ea97e03,Republic of Palau,,Earias vitella
da85f6f0041d485caca8aa965ea97e03,Mariana Islands,,Earias vitella
b05f6c95d2764ebc9642af938579dcf2,Guam,,Atractomorpha psittacina
a0b83203522746ad97c1262660dff93f,Saipan,,Euphranta lemniscata
a0b83203522746ad97c1262660dff93f,Tinian,,Euphranta lemniscata
a0b83203522746ad97c1262660dff93f,Rota,,Euphranta lemniscata
ee5898f09d174573b97112d2dc3d5333,Saipan,,Hendelina bisecta
ee5898f09d174573b97112d2dc3d5333,Tinian,,Hendelina bisecta
ee5898f09d174573b97112d2dc3d5333,Rota,,Hendelina bisecta
ee5898f09d174573b97112d2dc3d5333,Guam,,Hendelina bisecta
5380c99364f44cabb503b497c192ad56,Saipan,,Fulvius angustatus
5380c99364f44cabb503b497c192ad56,Tinian,,Fulvius angustatus
5380c99364f44cabb503b497c192ad56,Rota,,Fulvius angustatus
5380c99364f44cabb503b497c192ad56,Guam,,Fulvius angustatus
1df668f6a2ca42fba2c975c01eaba5dd,Pohnpei State,,Diaspis bromeliae
1df668f6a2ca42fba2c975c01eaba5dd,Saipan,,Diaspis bromeliae
1df668f6a2ca42fba2c975c01eaba5dd,Tinian,,Diaspis bromeliae
1df668f6a2ca42fba2c975c01eaba5dd,Rota,,Diaspis bromeliae
1df668f6a2ca42fba2c975c01eaba5dd,Guam,,Diaspis bromeliae
2b48e244f1b44251ad8d2f81278f8c84,Guam,,Teleogryllus oceanicus
3d82a099d22c4d30a0eabdf1ee75adfa,Yap State,,Chloriona formosella
3d82a099d22c4d30a0eabdf1ee75adfa,Saipan,,Chloriona formosella
3d82a099d22c4d30a0eabdf1ee75adfa,Tinian,,Chloriona formosella
3d82a099d22c4d30a0eabdf1ee75adfa,Rota,,Chloriona formosella
3d82a099d22c4d30a0eabdf1ee75adfa,Guam,,Chloriona formosella
bbfbae83c5f04038b536980f5b3b74d0,Republic of Palau,,Leptocorixa acuta
bbfbae83c5f04038b536980f5b3b74d0,Yap State,,Leptocorixa acuta
bbfbae83c5f04038b536980f5b3b74d0,Chuuk State,,Leptocorixa acuta
bbfbae83c5f04038b536980f5b3b74d0,Saipan,,Leptocorixa acuta
bbfbae83c5f04038b536980f5b3b74d0,Tinian,,Leptocorixa acuta
bbfbae83c5f04038b536980f5b3b74d0,Rota,,Leptocorixa acuta
bbfbae83c5f04038b536980f5b3b74d0,Guam,,Leptocorixa acuta
22a36f0fe9844c089519349fd0146260,Republic of Palau,,Sogatella furcifera
22a36f0fe9844c089519349fd0146260,Pohnpei State,,Sogatella furcifera
22a36f0fe9844c089519349fd0146260,Guam,,Sogatella furcifera
7a795950b42547299819007014e200d8,Republic of Palau,,Nephotettix apicalis
7a795950b42547299819007014e200d8,Yap State,,Nephotettix apicalis
7a795950b42547299819007014e200d8,Saipan,,Nephotettix apicalis
7a795950b42547299819007014e200d8,Tinian,,Nephotettix apicalis
7a795950b42547299819007014e200d8,Rota,,Nephotettix apicalis
7a795950b42547299819007014e200d8,Guam,,Nephotettix apicalis
4a11026c9180486fba2fd1d44da9714b,Republic of Palau,,Nilaparvata lugens
4a11026c9180486fba2fd1d44da9714b,Yap State,,Nilaparvata lugens
29c94d30c62d458ca1640dc68409f8f7,Republic of Palau,,Orthotylellus pallescens
29c94d30c62d458ca1640dc68409f8f7,Pohnpei State,,Orthotylellus pallescens
29c94d30c62d458ca1640dc68409f8f7,Saipan,,Orthotylellus pallescens
29c94d30c62d458ca1640dc68409f8f7,Tinian,,Orthotylellus pallescens
29c94d30c62d458ca1640dc68409f8f7,Rota,,Orthotylellus pallescens
29c94d30c62d458ca1640dc68409f8f7,Guam,,Orthotylellus pallescens
27d88623e88146dcbfc965624c804369,Guam,,Proboscidocoris malayus
b80e8ed0134b4d92bdb4c350750bf8bf,Guam,,Grammarodes geometrica
9cda82f5d6da40e1b6354eb89e029f73,Guam,,Nymphula fluctuosalis
d34ab2db95704cc489e69d93dbf0def5,Guam,,Mythimna loreyi
af61261828724ecb8584c2d781cb3cdb,Saipan,,Susumia exigua
af61261828724ecb8584c2d781cb3cdb,Tinian,,Susumia exigua
af61261828724ecb8584c2d781cb3cdb,Rota,,Susumia exigua
af61261828724ecb8584c2d781cb3cdb,Guam,,Susumia exigua
52e66581a00945dd99439fbfaf7ff3f5,Yap State,,Euconocephalus nasutus
52e66581a00945dd99439fbfaf7ff3f5,Saipan,,Euconocephalus nasutus
52e66581a00945dd99439fbfaf7ff3f5,Tinian,,Euconocephalus nasutus
52e66581a00945dd99439fbfaf7ff3f5,Rota,,Euconocephalus nasutus
52e66581a00945dd99439fbfaf7ff3f5,Guam,,Euconocephalus nasutus
23890ec7e4f1411d9f80afe1f592fad1,Guam,,Bolacidothrips orizae
d67d320333a748abad211f7da5b5066b,Republic of Palau,,Oxycephala pandani
c2e8ea40a2544cbcb1dab4b3398ed460,Republic of Palau,,Oxycephala spaethi
a2d0627b24c74e25b2851beefe55f0ea,Chuuk State,,Laminicoccus pandani
a2d0627b24c74e25b2851beefe55f0ea,Pohnpei State,,Laminicoccus pandani
e86e42e1172e439d90a9c88a26a1d89d,Republic of Palau,,Turbinococcus pandanicola
aa1996bd5b5b41fb80adab51bc63cb8c,Saipan,,Myndus irreptor
aa1996bd5b5b41fb80adab51bc63cb8c,Tinian,,Myndus irreptor
aa1996bd5b5b41fb80adab51bc63cb8c,Rota,,Myndus irreptor
aa1996bd5b5b41fb80adab51bc63cb8c,Guam,,Myndus irreptor
c19ba4860d464f139074ae1e35187712,Saipan,,Myndus palawanensis
c19ba4860d464f139074ae1e35187712,Tinian,,Myndus palawanensis
c19ba4860d464f139074ae1e35187712,Rota,,Myndus palawanensis
c19ba4860d464f139074ae1e35187712,Guam,,Myndus palawanensis
4a4581db3f9e4271ad6bcc5984356b0f,Chuuk State,,Swezeyaria viridana
4a4581db3f9e4271ad6bcc5984356b0f,Pohnpei State,,Swezeyaria viridana
4a4581db3f9e4271ad6bcc5984356b0f,Kosrae State,,Swezeyaria viridana
4a4581db3f9e4271ad6bcc5984356b0f,Guam,,Swezeyaria viridana
6078e7d60b5446b3b905dbde5c689517,Saipan,,Capelopterum punctatellum
6078e7d60b5446b3b905dbde5c689517,Tinian,,Capelopterum punctatellum
6078e7d60b5446b3b905dbde5c689517,Rota,,Capelopterum punctatellum
6078e7d60b5446b3b905dbde5c689517,Guam,,Capelopterum punctatellum
daa48f359ac74c25b6cd3f6d5c41d00a,Pohnpei State,,Neosimmondsia esakii
86406450d5054fc69df608315ae9d470,Saipan,,Myndus bifurcatus
86406450d5054fc69df608315ae9d470,Tinian,,Myndus bifurcatus
86406450d5054fc69df608315ae9d470,Rota,,Myndus bifurcatus
86406450d5054fc69df608315ae9d470,Guam,,Myndus bifurcatus
1ebaac5926de43f287f8d5308a419258,Chuuk State,,Paralecanium carolinensis
ff28f9152ba4438c89f3f97cf5b9f08f,Pohnpei State,,Pandanicola pandani
58659a2663124400a3c791e89fe19282,Republic of Palau,,Nesorhamma chalcas
08c7e7f2f6a049db92ea02a5dde168b2,Chuuk State,,Myndus dibaphus
08c7e7f2f6a049db92ea02a5dde168b2,Saipan,,Myndus dibaphus
08c7e7f2f6a049db92ea02a5dde168b2,Tinian,,Myndus dibaphus
08c7e7f2f6a049db92ea02a5dde168b2,Rota,,Myndus dibaphus
08c7e7f2f6a049db92ea02a5dde168b2,Guam,,Myndus dibaphus
9cf29409b4da441681be9d578ad7fac1,Republic of Palau,,Pseudococcus pandanicola
1bd0d753945e4f0eb072c8d7bbee05cc,Saipan,,Batrachomorphus atrifrons
1bd0d753945e4f0eb072c8d7bbee05cc,Tinian,,Batrachomorphus atrifrons
1bd0d753945e4f0eb072c8d7bbee05cc,Rota,,Batrachomorphus atrifrons
1bd0d753945e4f0eb072c8d7bbee05cc,Guam,,Batrachomorphus atrifrons
c28799a0a2f94a1ca934b4c20188f163,Republic of Palau,,Pandanicola esakii
dc33eee8eed74a7084972a0933a9796f,Pohnpei State,,Armacia clara
bf36e65cc04141fdab9e47b4db970cb4,Saipan,,Trissodoris guamensis
bf36e65cc04141fdab9e47b4db970cb4,Tinian,,Trissodoris guamensis
bf36e65cc04141fdab9e47b4db970cb4,Rota,,Trissodoris guamensis
bf36e65cc04141fdab9e47b4db970cb4,Guam,,Trissodoris guamensis
fb775a3e0b0c4cefb82bd1d0e5d38e3f,Kosrae State,,Megacrania batesii
9601763dfa0e4f3fbd8d15fffbae86b8,Republic of Palau,,Dysmicoccus boninsis
9601763dfa0e4f3fbd8d15fffbae86b8,Yap State,,Dysmicoccus boninsis
9601763dfa0e4f3fbd8d15fffbae86b8,Chuuk State,,Dysmicoccus boninsis
9601763dfa0e4f3fbd8d15fffbae86b8,Pohnpei State,,Dysmicoccus boninsis
9601763dfa0e4f3fbd8d15fffbae86b8,Saipan,,Dysmicoccus boninsis
9601763dfa0e4f3fbd8d15fffbae86b8,Tinian,,Dysmicoccus boninsis
9601763dfa0e4f3fbd8d15fffbae86b8,Rota,,Dysmicoccus boninsis
9601763dfa0e4f3fbd8d15fffbae86b8,Guam,,Dysmicoccus boninsis
d194f89057ba4054a5ffae227a8fd553,Republic of Palau,,Neomaskellia bergii
d194f89057ba4054a5ffae227a8fd553,Yap State,,Neomaskellia bergii
d194f89057ba4054a5ffae227a8fd553,Chuuk State,,Neomaskellia bergii
d194f89057ba4054a5ffae227a8fd553,Pohnpei State,,Neomaskellia bergii
d194f89057ba4054a5ffae227a8fd553,Kosrae State,,Neomaskellia bergii
d194f89057ba4054a5ffae227a8fd553,Guam,,Neomaskellia bergii
bf9e3870eeda4711b7c36d9e513e8240,Republic of Palau,,Saissetia nigra
bf9e3870eeda4711b7c36d9e513e8240,Yap State,,Saissetia nigra
bf9e3870eeda4711b7c36d9e513e8240,Chuuk State,,Saissetia nigra
bf9e3870eeda4711b7c36d9e513e8240,Kosrae State,,Saissetia nigra
bf9e3870eeda4711b7c36d9e513e8240,Saipan,,Saissetia nigra
bf9e3870eeda4711b7c36d9e513e8240,Tinian,,Saissetia nigra
bf9e3870eeda4711b7c36d9e513e8240,Rota,,Saissetia nigra
bf9e3870eeda4711b7c36d9e513e8240,Guam,,Saissetia nigra
a3fb9102b7054978b61ce5736ee30120,Guam,,Kallitaxila crini
1ab8f288490f4f7ebfe1941dfe052604,Republic of Palau,,Lepidosaphes palauensis
1ab8f288490f4f7ebfe1941dfe052604,Guam,,Lepidosaphes palauensis
da96bf36a9ab433185a647200b16ec14,Republic of Palau,,Anoronotum rufum
391296cfc86c454a8155185db996f77a,Guam,,Gonocephalum sp.
6349bd9fc4e14e6db6dc28acf57f32ba,Republic of Palau,,Aspidiella sacchari
6349bd9fc4e14e6db6dc28acf57f32ba,Saipan,,Aspidiella sacchari
6349bd9fc4e14e6db6dc28acf57f32ba,Tinian,,Aspidiella sacchari
6349bd9fc4e14e6db6dc28acf57f32ba,Rota,,Aspidiella sacchari
6349bd9fc4e14e6db6dc28acf57f32ba,Guam,,Aspidiella sacchari
4fae57a2b87f4b90b06adc4256c40b91,Republic of Palau,,Odonaspis saccharicaulis
7b6bd1e14f1a432db4418ec564772b80,Republic of Palau,,Chanithus gramineus
7b6bd1e14f1a432db4418ec564772b80,Yap State,,Chanithus gramineus
7b6bd1e14f1a432db4418ec564772b80,Saipan,,Chanithus gramineus
7b6bd1e14f1a432db4418ec564772b80,Tinian,,Chanithus gramineus
7b6bd1e14f1a432db4418ec564772b80,Rota,,Chanithus gramineus
7b6bd1e14f1a432db4418ec564772b80,Guam,,Chanithus gramineus
c60741cfaba74399923223740bdde124,Saipan,,Ugyops annulipes
c60741cfaba74399923223740bdde124,Tinian,,Ugyops annulipes
c60741cfaba74399923223740bdde124,Rota,,Ugyops annulipes
c60741cfaba74399923223740bdde124,Guam,,Ugyops annulipes
8460ef0aef374570bbabdedee7284bb6,Republic of Palau,,Aulacaspis madiunensis
8460ef0aef374570bbabdedee7284bb6,Yap State,,Aulacaspis madiunensis
c1a3de185af14fccb089b17a6f756537,Yap State,,Aulacaspis tegalensis
aa693975b81547708aefc228b51f8d07,Republic of Palau,,Perkinsiella thompsoni
aa693975b81547708aefc228b51f8d07,Yap State,,Perkinsiella thompsoni
aa693975b81547708aefc228b51f8d07,Chuuk State,,Perkinsiella thompsoni
aa693975b81547708aefc228b51f8d07,Saipan,,Perkinsiella thompsoni
aa693975b81547708aefc228b51f8d07,Tinian,,Perkinsiella thompsoni
aa693975b81547708aefc228b51f8d07,Rota,,Perkinsiella thompsoni
aa693975b81547708aefc228b51f8d07,Guam,,Perkinsiella thompsoni
cda77b1fecf74203a6256f4deeca6df0,Chuuk State,,Nanyozo viridipictus
54650388caa84746b52ee2758126d25e,Saipan,,Colasposoma metallicum
54650388caa84746b52ee2758126d25e,Tinian,,Colasposoma metallicum
54650388caa84746b52ee2758126d25e,Rota,,Colasposoma metallicum
54650388caa84746b52ee2758126d25e,Guam,,Colasposoma metallicum
d6fbb60c21d74ee4b2b1d656c24796f6,Republic of Palau,,Euscepes postfasciatus
d6fbb60c21d74ee4b2b1d656c24796f6,Yap State,,Euscepes postfasciatus
d6fbb60c21d74ee4b2b1d656c24796f6,Chuuk State,,Euscepes postfasciatus
d6fbb60c21d74ee4b2b1d656c24796f6,Pohnpei State,,Euscepes postfasciatus
d6fbb60c21d74ee4b2b1d656c24796f6,Saipan,,Euscepes postfasciatus
d6fbb60c21d74ee4b2b1d656c24796f6,Tinian,,Euscepes postfasciatus
d6fbb60c21d74ee4b2b1d656c24796f6,Rota,,Euscepes postfasciatus
d6fbb60c21d74ee4b2b1d656c24796f6,Guam,,Euscepes postfasciatus
16195d4e3f274420b40684f438064fd9,Republic of Palau,,Sphaeropterus sp.
5589a675344143e38c5e7ffe5d73561e,Republic of Palau,,Cylas formicarius
5589a675344143e38c5e7ffe5d73561e,Yap State,,Cylas formicarius
5589a675344143e38c5e7ffe5d73561e,Chuuk State,,Cylas formicarius
5589a675344143e38c5e7ffe5d73561e,Saipan,,Cylas formicarius
5589a675344143e38c5e7ffe5d73561e,Tinian,,Cylas formicarius
5589a675344143e38c5e7ffe5d73561e,Rota,,Cylas formicarius
5589a675344143e38c5e7ffe5d73561e,Guam,,Cylas formicarius
055aa77ce8774b0c930e29391d0dddd0,Guam,,Chaetocnema confinis
ea0608753a5a4c4b962037bcab93a930,Republic of Palau,,Metriona circumdata
ea0608753a5a4c4b962037bcab93a930,Yap State,new island record,Metriona circumdata
ea0608753a5a4c4b962037bcab93a930,Chuuk State,,Metriona circumdata
ea0608753a5a4c4b962037bcab93a930,Pohnpei State,new island record,Metriona circumdata
ea0608753a5a4c4b962037bcab93a930,Saipan,,Metriona circumdata
ea0608753a5a4c4b962037bcab93a930,Tinian,,Metriona circumdata
ea0608753a5a4c4b962037bcab93a930,Rota,,Metriona circumdata
ea0608753a5a4c4b962037bcab93a930,Guam,,Metriona circumdata
975440161d194795a41c62a64f528936,Saipan,,Zanchius fragilis
975440161d194795a41c62a64f528936,Tinian,,Zanchius fragilis
975440161d194795a41c62a64f528936,Rota,,Zanchius fragilis
975440161d194795a41c62a64f528936,Guam,,Zanchius fragilis
50be45d9008945b7a98ac8af261728a3,Guam,,Lepidosaphes sp.
5edb1f737d9c46c5b2605cc8f3bd4a35,Republic of Palau,,Pachyzancla nipponalis
e08b7dc042c54997900d2da5ff425800,Republic of Palau,,Acrocercops sp.
e08b7dc042c54997900d2da5ff425800,Chuuk State,,Acrocercops sp.
e08b7dc042c54997900d2da5ff425800,Pohnpei State,,Acrocercops sp.
e08b7dc042c54997900d2da5ff425800,Saipan,,Acrocercops sp.
e08b7dc042c54997900d2da5ff425800,Tinian,,Acrocercops sp.
e08b7dc042c54997900d2da5ff425800,Rota,,Acrocercops sp.
c1ab228c6d1a481d8ab19a5f63ab29f4,Republic of Palau,,Precis villida
c1ab228c6d1a481d8ab19a5f63ab29f4,Chuuk State,,Precis villida
c1ab228c6d1a481d8ab19a5f63ab29f4,Pohnpei State,,Precis villida
03a2136684ac4bbc8f9e3098d9c5179c,Republic of Palau,,Hypolimnas bolina
03a2136684ac4bbc8f9e3098d9c5179c,Yap State,,Hypolimnas bolina
03a2136684ac4bbc8f9e3098d9c5179c,Chuuk State,,Hypolimnas bolina
03a2136684ac4bbc8f9e3098d9c5179c,Pohnpei State,,Hypolimnas bolina
03a2136684ac4bbc8f9e3098d9c5179c,Kosrae State,,Hypolimnas bolina
03a2136684ac4bbc8f9e3098d9c5179c,Saipan,,Hypolimnas bolina
03a2136684ac4bbc8f9e3098d9c5179c,Tinian,,Hypolimnas bolina
03a2136684ac4bbc8f9e3098d9c5179c,Rota,,Hypolimnas bolina
03a2136684ac4bbc8f9e3098d9c5179c,Guam,,Hypolimnas bolina
7375404c8e134cebb59fa737bac69788,Guam,,Hippotion swinhoei
5f5bc7a29f984f4189bae68b621f5c12,Guam,,Gryllotalpa sp.
3e3e9e31c40f41039f6c3bd6a7e703bf,Guam,,Tetranychus sp.
69dfe590170d40ff83d609d1c93f7697,Pohnpei State,,Atactus deplanatus
17261ce431294e09ba87a8f7cf6c2de3,Republic of Palau,,Tarophagus proserpina
17261ce431294e09ba87a8f7cf6c2de3,Yap State,,Tarophagus proserpina
17261ce431294e09ba87a8f7cf6c2de3,Chuuk State,,Tarophagus proserpina
17261ce431294e09ba87a8f7cf6c2de3,Pohnpei State,,Tarophagus proserpina
17261ce431294e09ba87a8f7cf6c2de3,Kosrae State,,Tarophagus proserpina
17261ce431294e09ba87a8f7cf6c2de3,Saipan,,Tarophagus proserpina
17261ce431294e09ba87a8f7cf6c2de3,Tinian,,Tarophagus proserpina
17261ce431294e09ba87a8f7cf6c2de3,Rota,,Tarophagus proserpina
17261ce431294e09ba87a8f7cf6c2de3,Guam,,Tarophagus proserpina
a7343665422242e6accced7ae3a4a963,Republic of Palau,,Hippotion celerio
a7343665422242e6accced7ae3a4a963,Saipan,,Hippotion celerio
a7343665422242e6accced7ae3a4a963,Tinian,,Hippotion celerio
a7343665422242e6accced7ae3a4a963,Rota,,Hippotion celerio
a7343665422242e6accced7ae3a4a963,Guam,,Hippotion celerio
e51676b1b8f24714ae1018c7965fdfea,Republic of Palau,,Theretra pinastrina
e51676b1b8f24714ae1018c7965fdfea,Yap State,,Theretra pinastrina
e51676b1b8f24714ae1018c7965fdfea,Saipan,,Theretra pinastrina
e51676b1b8f24714ae1018c7965fdfea,Tinian,,Theretra pinastrina
e51676b1b8f24714ae1018c7965fdfea,Rota,,Theretra pinastrina
e51676b1b8f24714ae1018c7965fdfea,Guam,,Theretra pinastrina
b82370476e03494e9bdcc2ca174bbdb6,Republic of Palau,,Pseudococcus macrocirculus
b82370476e03494e9bdcc2ca174bbdb6,Yap State,,Pseudococcus macrocirculus
811638bf61ff49d8a145de65963e94da,Republic of Palau,,Cyrtopeltis tenuis
811638bf61ff49d8a145de65963e94da,Chuuk State,,Cyrtopeltis tenuis
811638bf61ff49d8a145de65963e94da,Pohnpei State,,Cyrtopeltis tenuis
811638bf61ff49d8a145de65963e94da,Saipan,,Cyrtopeltis tenuis
811638bf61ff49d8a145de65963e94da,Tinian,,Cyrtopeltis tenuis
811638bf61ff49d8a145de65963e94da,Rota,,Cyrtopeltis tenuis
811638bf61ff49d8a145de65963e94da,Guam,,Cyrtopeltis tenuis
4d7f489e68034054b6ffdf375098dab6,Republic of Palau,,Nesophrosyne argentatus
4d7f489e68034054b6ffdf375098dab6,Yap State,,Nesophrosyne argentatus
4d7f489e68034054b6ffdf375098dab6,Saipan,,Nesophrosyne argentatus
4d7f489e68034054b6ffdf375098dab6,Tinian,,Nesophrosyne argentatus
4d7f489e68034054b6ffdf375098dab6,Rota,,Nesophrosyne argentatus
4d7f489e68034054b6ffdf375098dab6,Guam,,Nesophrosyne argentatus
e454f3a969ac4f2abca75f46931e70b1,Saipan,,Trigonops vulgaris
e454f3a969ac4f2abca75f46931e70b1,Tinian,,Trigonops vulgaris
e454f3a969ac4f2abca75f46931e70b1,Rota,,Trigonops vulgaris
e454f3a969ac4f2abca75f46931e70b1,Guam,,Trigonops vulgaris
668e5301a0b1488cade39eb5506ddb84,Republic of Palau,,Dialeurodes kirkaldyi
668e5301a0b1488cade39eb5506ddb84,Yap State,,Dialeurodes kirkaldyi
668e5301a0b1488cade39eb5506ddb84,Pohnpei State,,Dialeurodes kirkaldyi
668e5301a0b1488cade39eb5506ddb84,Saipan,,Dialeurodes kirkaldyi
668e5301a0b1488cade39eb5506ddb84,Tinian,,Dialeurodes kirkaldyi
668e5301a0b1488cade39eb5506ddb84,Rota,,Dialeurodes kirkaldyi
668e5301a0b1488cade39eb5506ddb84,Guam,,Dialeurodes kirkaldyi
7f2bfc135e5c4d058a80affdc5b6d2be,Republic of Palau,new island record,Badamia exclamationis
7f2bfc135e5c4d058a80affdc5b6d2be,Saipan,,Badamia exclamationis
7f2bfc135e5c4d058a80affdc5b6d2be,Tinian,,Badamia exclamationis
7f2bfc135e5c4d058a80affdc5b6d2be,Rota,,Badamia exclamationis
7f2bfc135e5c4d058a80affdc5b6d2be,Guam,,Badamia exclamationis
855cd310a1084e46aa8f3e602ffd4c27,Guam,,Anua coronata
a1179eea65ab4322b9335b2c7e857be9,Guam,,Tetranychus neocaledonicus
14ca520ccacc4507883c0d42b54db858,Republic of Palau,,Theretra nessus
14ca520ccacc4507883c0d42b54db858,Yap State,,Theretra nessus
14ca520ccacc4507883c0d42b54db858,Chuuk State,,Theretra nessus
